Timestamp,Container,CPU,Memory Usage
2024-07-01 12:13:06,docker_extractor_1,108.42,85.27
2024-07-01 12:13:06,docker_minion_1,0.17,26.12
2024-07-01 12:13:06,docker_controller_1,0.19,25.89
2024-07-01 12:13:06,docker_pgbouncer_1,0.02,1.33
2024-07-01 12:13:06,docker_postgres_1,0.03,35.63
2024-07-01 12:13:06,docker_cache_1,19.06,830.70
2024-07-01 12:13:19,docker_detector_1,612.09,509.40
2024-07-01 12:13:19,docker_combiner_1,0.15,40.48
2024-07-01 12:13:19,docker_extractor_1,0.30,79.22
2024-07-01 12:13:19,docker_minion_1,0.18,26.16
2024-07-01 12:13:19,docker_controller_1,0.20,26.00
2024-07-01 12:13:19,docker_pgbouncer_1,0.02,1.34
2024-07-01 12:13:19,docker_postgres_1,0.05,35.64
2024-07-01 12:13:19,docker_cache_1,71.58,1007.00
2024-07-01 12:13:32,docker_detector_1,722.12,639.40
2024-07-01 12:13:32,docker_combiner_1,0.19,40.48
2024-07-01 12:13:32,docker_extractor_1,0.42,79.22
2024-07-01 12:13:32,docker_minion_1,0.23,26.16
2024-07-01 12:13:32,docker_controller_1,0.30,26.00
2024-07-01 12:13:32,docker_pgbouncer_1,0.03,1.34
2024-07-01 12:13:32,docker_postgres_1,0.02,35.68
2024-07-01 12:13:32,docker_cache_1,70.43,1005.00
2024-07-01 12:13:44,docker_detector_1,0.18,746.80
2024-07-01 12:13:44,docker_combiner_1,100.25,87.81
2024-07-01 12:13:44,docker_extractor_1,0.29,79.22
2024-07-01 12:13:44,docker_minion_1,0.16,26.16
2024-07-01 12:13:44,docker_controller_1,0.21,26.03
2024-07-01 12:13:44,docker_pgbouncer_1,0.02,1.33
2024-07-01 12:13:44,docker_postgres_1,0.00,35.68
2024-07-01 12:13:44,docker_cache_1,0.30,1002.00
2024-07-01 12:13:57,docker_detector_1,398.68,874.60
2024-07-01 12:13:57,docker_combiner_1,0.19,45.88
2024-07-01 12:13:57,docker_extractor_1,0.29,79.20
2024-07-01 12:13:57,docker_minion_1,0.17,26.19
2024-07-01 12:13:57,docker_controller_1,0.22,26.06
2024-07-01 12:13:57,docker_pgbouncer_1,0.02,1.34
2024-07-01 12:13:57,docker_postgres_1,0.02,35.68
2024-07-01 12:13:57,docker_cache_1,0.30,1017.00
2024-07-01 12:14:10,docker_detector_1,698.69,874.60
2024-07-01 12:14:10,docker_combiner_1,0.29,45.88
2024-07-01 12:14:10,docker_extractor_1,0.45,79.20
2024-07-01 12:14:10,docker_minion_1,0.27,26.19
2024-07-01 12:14:10,docker_controller_1,0.31,26.05
2024-07-01 12:14:10,docker_pgbouncer_1,0.02,1.34
2024-07-01 12:14:10,docker_postgres_1,0.01,35.69
2024-07-01 12:14:10,docker_cache_1,91.94,1019.00
2024-07-01 12:14:22,docker_detector_1,358.63,894.80
2024-07-01 12:14:22,docker_combiner_1,0.19,57.00
2024-07-01 12:14:22,docker_extractor_1,0.34,84.05
2024-07-01 12:14:22,docker_minion_1,10.87,26.21
2024-07-01 12:14:22,docker_controller_1,0.28,26.10
2024-07-01 12:14:22,docker_pgbouncer_1,0.02,1.33
2024-07-01 12:14:22,docker_postgres_1,0.02,35.68
2024-07-01 12:14:22,docker_cache_1,0.27,1017.00
2024-07-01 12:14:35,docker_detector_1,793.17,1013.00
2024-07-01 12:14:35,docker_combiner_1,0.29,57.00
2024-07-01 12:14:35,docker_extractor_1,0.50,84.05
2024-07-01 12:14:35,docker_minion_1,0.23,26.21
2024-07-01 12:14:35,docker_controller_1,0.30,26.10
2024-07-01 12:14:35,docker_pgbouncer_1,0.03,1.33
2024-07-01 12:14:35,docker_postgres_1,0.03,35.69
2024-07-01 12:14:35,docker_cache_1,0.39,1017.00
2024-07-01 12:14:48,docker_detector_1,721.71,1013.00
2024-07-01 12:14:48,docker_combiner_1,0.24,57.00
2024-07-01 12:14:48,docker_extractor_1,0.47,84.05
2024-07-01 12:14:48,docker_minion_1,0.21,26.21
2024-07-01 12:14:48,docker_controller_1,0.29,26.09
2024-07-01 12:14:48,docker_pgbouncer_1,0.09,1.33
2024-07-01 12:14:48,docker_postgres_1,0.02,35.70
2024-07-01 12:14:48,docker_cache_1,73.22,1014.00
2024-07-01 12:15:00,docker_detector_1,723.33,1013.00
2024-07-01 12:15:00,docker_combiner_1,0.20,59.51
2024-07-01 12:15:00,docker_extractor_1,0.34,79.23
2024-07-01 12:15:00,docker_minion_1,0.23,26.22
2024-07-01 12:15:00,docker_controller_1,0.23,26.12
2024-07-01 12:15:00,docker_pgbouncer_1,0.02,1.33
2024-07-01 12:15:00,docker_postgres_1,0.03,35.69
2024-07-01 12:15:00,docker_cache_1,72.10,1.02
2024-07-01 12:15:13,docker_detector_1,493.63,1013.00
2024-07-01 12:15:13,docker_combiner_1,0.21,59.51
2024-07-01 12:15:13,docker_extractor_1,0.32,79.23
2024-07-01 12:15:13,docker_minion_1,0.29,26.22
2024-07-01 12:15:13,docker_controller_1,0.24,26.12
2024-07-01 12:15:13,docker_pgbouncer_1,0.04,1.33
2024-07-01 12:15:13,docker_postgres_1,0.00,35.77
2024-07-01 12:15:13,docker_cache_1,0.26,1003.00
2024-07-01 12:15:26,docker_detector_1,723.01,1013.00
2024-07-01 12:15:26,docker_combiner_1,0.27,57.05
2024-07-01 12:15:26,docker_extractor_1,0.45,84.08
2024-07-01 12:15:26,docker_minion_1,0.22,26.25
2024-07-01 12:15:26,docker_controller_1,0.34,26.13
2024-07-01 12:15:26,docker_pgbouncer_1,0.02,1.33
2024-07-01 12:15:26,docker_postgres_1,1.26,35.78
2024-07-01 12:15:26,docker_cache_1,70.43,1022.00
2024-07-01 12:15:38,docker_detector_1,713.36,1013.00
2024-07-01 12:15:38,docker_combiner_1,0.21,57.05
2024-07-01 12:15:38,docker_extractor_1,0.35,84.08
2024-07-01 12:15:38,docker_minion_1,0.19,26.25
2024-07-01 12:15:38,docker_controller_1,0.28,26.13
2024-07-01 12:15:38,docker_pgbouncer_1,0.03,1.33
2024-07-01 12:15:38,docker_postgres_1,0.02,35.77
2024-07-01 12:15:38,docker_cache_1,87.91,1.01
2024-07-01 12:15:51,docker_detector_1,630.03,1013.00
2024-07-01 12:15:51,docker_combiner_1,18.82,94.72
2024-07-01 12:15:51,docker_extractor_1,0.42,84.08
2024-07-01 12:15:51,docker_minion_1,5.59,26.25
2024-07-01 12:15:51,docker_controller_1,3.92,26.13
2024-07-01 12:15:51,docker_pgbouncer_1,2.03,1.34
2024-07-01 12:15:51,docker_postgres_1,1.49,35.79
2024-07-01 12:15:51,docker_cache_1,0.34,996.00
2024-07-01 12:16:04,docker_detector_1,719.84,1018.00
2024-07-01 12:16:04,docker_combiner_1,0.33,61.97
2024-07-01 12:16:04,docker_extractor_1,0.44,79.27
2024-07-01 12:16:04,docker_minion_1,0.25,26.26
2024-07-01 12:16:04,docker_controller_1,0.32,26.14
2024-07-01 12:16:04,docker_pgbouncer_1,0.02,1.33
2024-07-01 12:16:04,docker_postgres_1,0.04,35.78
2024-07-01 12:16:04,docker_cache_1,34.68,1019.00
2024-07-01 12:16:16,docker_detector_1,721.97,1001.00
2024-07-01 12:16:16,docker_combiner_1,0.28,61.97
2024-07-01 12:16:16,docker_extractor_1,0.49,79.27
2024-07-01 12:16:16,docker_minion_1,0.19,26.26
2024-07-01 12:16:16,docker_controller_1,0.36,26.14
2024-07-01 12:16:16,docker_pgbouncer_1,0.03,1.33
2024-07-01 12:16:16,docker_postgres_1,0.01,35.79
2024-07-01 12:16:16,docker_cache_1,75.86,1014.00
2024-07-01 12:16:29,docker_detector_1,71.52,1001.00
2024-07-01 12:16:29,docker_combiner_1,0.21,57.09
2024-07-01 12:16:29,docker_extractor_1,23.91,95.75
2024-07-01 12:16:29,docker_minion_1,5.43,26.27
2024-07-01 12:16:29,docker_controller_1,3.93,26.14
2024-07-01 12:16:29,docker_pgbouncer_1,1.96,1.33
2024-07-01 12:16:29,docker_postgres_1,1.53,35.78
2024-07-01 12:16:29,docker_cache_1,2.56,1013.00
2024-07-01 12:16:42,docker_detector_1,788.85,1.01
2024-07-01 12:16:42,docker_combiner_1,0.37,57.09
2024-07-01 12:16:42,docker_extractor_1,0.55,83.17
2024-07-01 12:16:42,docker_minion_1,0.27,26.27
2024-07-01 12:16:42,docker_controller_1,0.33,26.14
2024-07-01 12:16:42,docker_pgbouncer_1,0.05,1.33
2024-07-01 12:16:42,docker_postgres_1,0.31,35.85
2024-07-01 12:16:42,docker_cache_1,0.33,1013.00
2024-07-01 12:16:54,docker_detector_1,725.52,1001.00
2024-07-01 12:16:54,docker_combiner_1,0.29,57.09
2024-07-01 12:16:54,docker_extractor_1,0.47,83.17
2024-07-01 12:16:54,docker_minion_1,0.29,26.27
2024-07-01 12:16:54,docker_controller_1,0.34,26.14
2024-07-01 12:16:54,docker_pgbouncer_1,0.04,1.33
2024-07-01 12:16:54,docker_postgres_1,0.02,35.88
2024-07-01 12:16:54,docker_cache_1,71.73,1009.00
2024-07-01 12:17:07,docker_detector_1,380.42,1001.00
2024-07-01 12:17:07,docker_combiner_1,0.20,62.00
2024-07-01 12:17:07,docker_extractor_1,0.31,79.28
2024-07-01 12:17:07,docker_minion_1,0.15,26.30
2024-07-01 12:17:07,docker_controller_1,0.23,26.16
2024-07-01 12:17:07,docker_pgbouncer_1,0.04,1.33
2024-07-01 12:17:07,docker_postgres_1,0.00,35.88
2024-07-01 12:17:07,docker_cache_1,34.44,1013.00
2024-07-01 12:17:20,docker_detector_1,702.96,1.03
2024-07-01 12:17:20,docker_combiner_1,0.27,62.00
2024-07-01 12:17:20,docker_extractor_1,0.45,79.28
2024-07-01 12:17:20,docker_minion_1,0.22,26.30
2024-07-01 12:17:20,docker_controller_1,0.33,26.16
2024-07-01 12:17:20,docker_pgbouncer_1,0.03,1.33
2024-07-01 12:17:20,docker_postgres_1,0.00,35.88
2024-07-01 12:17:20,docker_cache_1,0.40,996.30
2024-07-01 12:17:32,docker_detector_1,722.18,1014.00
2024-07-01 12:17:32,docker_combiner_1,0.32,59.55
2024-07-01 12:17:32,docker_extractor_1,0.48,79.28
2024-07-01 12:17:32,docker_minion_1,0.27,26.30
2024-07-01 12:17:32,docker_controller_1,0.33,26.15
2024-07-01 12:17:32,docker_pgbouncer_1,0.03,1.33
2024-07-01 12:17:32,docker_postgres_1,0.02,35.88
2024-07-01 12:17:32,docker_cache_1,72.87,1013.00
2024-07-01 12:17:45,docker_detector_1,721.41,1014.00
2024-07-01 12:17:45,docker_combiner_1,0.27,59.55
2024-07-01 12:17:45,docker_extractor_1,0.40,79.28
2024-07-01 12:17:45,docker_minion_1,0.23,26.30
2024-07-01 12:17:45,docker_controller_1,0.29,26.15
2024-07-01 12:17:45,docker_pgbouncer_1,0.03,1.33
2024-07-01 12:17:45,docker_postgres_1,1.06,36.01
2024-07-01 12:17:45,docker_cache_1,69.53,1019.00
2024-07-01 12:17:58,docker_detector_1,256.98,1014.00
2024-07-01 12:17:58,docker_combiner_1,67.46,99.81
2024-07-01 12:17:58,docker_extractor_1,0.38,79.29
2024-07-01 12:17:58,docker_minion_1,0.28,26.30
2024-07-01 12:17:58,docker_controller_1,3.84,26.16
2024-07-01 12:17:58,docker_pgbouncer_1,1.98,1.33
2024-07-01 12:17:58,docker_postgres_1,1.41,35.89
2024-07-01 12:17:58,docker_cache_1,0.82,992.00
2024-07-01 12:18:11,docker_detector_1,413.81,1001.00
2024-07-01 12:18:11,docker_combiner_1,0.21,59.55
2024-07-01 12:18:11,docker_extractor_1,0.39,79.29
2024-07-01 12:18:11,docker_minion_1,0.18,26.31
2024-07-01 12:18:11,docker_controller_1,0.35,26.16
2024-07-01 12:18:11,docker_pgbouncer_1,0.02,1.33
2024-07-01 12:18:11,docker_postgres_1,0.02,35.89
2024-07-01 12:18:11,docker_cache_1,94.38,1014.00
2024-07-01 12:18:23,docker_detector_1,719.66,1001.00
2024-07-01 12:18:23,docker_combiner_1,0.31,59.55
2024-07-01 12:18:23,docker_extractor_1,0.47,79.29
2024-07-01 12:18:23,docker_minion_1,0.23,26.31
2024-07-01 12:18:23,docker_controller_1,0.38,26.16
2024-07-01 12:18:23,docker_pgbouncer_1,0.02,1.33
2024-07-01 12:18:23,docker_postgres_1,0.02,35.89
2024-07-01 12:18:23,docker_cache_1,73.24,1006.00
2024-07-01 12:18:36,docker_detector_1,335.87,1001.00
2024-07-01 12:18:36,docker_combiner_1,0.18,64.45
2024-07-01 12:18:36,docker_extractor_1,0.32,79.30
2024-07-01 12:18:36,docker_minion_1,0.18,26.33
2024-07-01 12:18:36,docker_controller_1,0.31,26.16
2024-07-01 12:18:36,docker_pgbouncer_1,0.02,1.33
2024-07-01 12:18:36,docker_postgres_1,0.03,35.89
2024-07-01 12:18:36,docker_cache_1,2.83,1007.00
2024-07-01 12:18:48,docker_detector_1,790.84,1014.00
2024-07-01 12:18:48,docker_combiner_1,0.31,64.45
2024-07-01 12:18:48,docker_extractor_1,0.56,79.30
2024-07-01 12:18:48,docker_minion_1,0.24,26.33
2024-07-01 12:18:48,docker_controller_1,0.38,26.16
2024-07-01 12:18:48,docker_pgbouncer_1,0.05,1.33
2024-07-01 12:18:48,docker_postgres_1,0.00,35.89
2024-07-01 12:18:48,docker_cache_1,0.33,1007.00
2024-07-01 12:19:01,docker_detector_1,701.99,1014.00
2024-07-01 12:19:01,docker_combiner_1,0.28,64.44
2024-07-01 12:19:01,docker_extractor_1,0.48,79.30
2024-07-01 12:19:01,docker_minion_1,0.27,26.33
2024-07-01 12:19:01,docker_controller_1,0.34,26.16
2024-07-01 12:19:01,docker_pgbouncer_1,0.02,1.33
2024-07-01 12:19:01,docker_postgres_1,0.00,35.89
2024-07-01 12:19:01,docker_cache_1,77.56,1004.00
2024-07-01 12:19:14,docker_detector_1,574.61,1015.00
2024-07-01 12:19:14,docker_combiner_1,0.18,69.82
2024-07-01 12:19:14,docker_extractor_1,0.36,79.30
2024-07-01 12:19:14,docker_minion_1,0.21,26.35
2024-07-01 12:19:14,docker_controller_1,0.25,26.16
2024-07-01 12:19:14,docker_pgbouncer_1,0.02,1.33
2024-07-01 12:19:14,docker_postgres_1,0.02,35.89
2024-07-01 12:19:14,docker_cache_1,0.33,1005.00
2024-07-01 12:19:26,docker_detector_1,587.28,1015.00
2024-07-01 12:19:26,docker_combiner_1,0.23,69.82
2024-07-01 12:19:26,docker_extractor_1,0.50,79.30
2024-07-01 12:19:26,docker_minion_1,0.21,26.35
2024-07-01 12:19:26,docker_controller_1,0.27,26.16
2024-07-01 12:19:26,docker_pgbouncer_1,0.03,1.33
2024-07-01 12:19:26,docker_postgres_1,0.00,35.89
2024-07-01 12:19:26,docker_cache_1,0.32,990.40
2024-07-01 12:19:39,docker_detector_1,723.51,1015.00
2024-07-01 12:19:39,docker_combiner_1,0.32,69.82
2024-07-01 12:19:39,docker_extractor_1,0.45,79.29
2024-07-01 12:19:39,docker_minion_1,0.23,26.36
2024-07-01 12:19:39,docker_controller_1,0.31,26.18
2024-07-01 12:19:39,docker_pgbouncer_1,0.03,1.33
2024-07-01 12:19:39,docker_postgres_1,0.02,35.89
2024-07-01 12:19:39,docker_cache_1,78.99,1009.00
2024-07-01 12:19:52,docker_detector_1,706.64,1015.00
2024-07-01 12:19:52,docker_combiner_1,0.20,69.82
2024-07-01 12:19:52,docker_extractor_1,0.36,79.29
2024-07-01 12:19:52,docker_minion_1,0.18,26.36
2024-07-01 12:19:52,docker_controller_1,0.27,26.18
2024-07-01 12:19:52,docker_pgbouncer_1,0.02,1.33
2024-07-01 12:19:52,docker_postgres_1,0.00,35.89
2024-07-01 12:19:52,docker_cache_1,76.57,1011.00
2024-07-01 12:20:04,docker_detector_1,452.61,1014.00
2024-07-01 12:20:04,docker_combiner_1,39.53,88.88
2024-07-01 12:20:04,docker_extractor_1,0.39,79.29
2024-07-01 12:20:04,docker_minion_1,5.77,26.36
2024-07-01 12:20:04,docker_controller_1,3.80,26.18
2024-07-01 12:20:04,docker_pgbouncer_1,1.96,1.33
2024-07-01 12:20:04,docker_postgres_1,1.43,35.89
2024-07-01 12:20:04,docker_cache_1,0.31,984.20
2024-07-01 12:20:17,docker_detector_1,720.47,1.06
2024-07-01 12:20:17,docker_combiner_1,0.33,57.10
2024-07-01 12:20:17,docker_extractor_1,0.52,79.30
2024-07-01 12:20:17,docker_minion_1,0.24,26.37
2024-07-01 12:20:17,docker_controller_1,0.44,26.18
2024-07-01 12:20:17,docker_pgbouncer_1,0.03,1.33
2024-07-01 12:20:17,docker_postgres_1,0.05,35.89
2024-07-01 12:20:17,docker_cache_1,71.01,1009.00
2024-07-01 12:20:30,docker_detector_1,722.84,985.00
2024-07-01 12:20:30,docker_combiner_1,0.30,57.10
2024-07-01 12:20:30,docker_extractor_1,0.59,79.30
2024-07-01 12:20:30,docker_minion_1,0.22,26.37
2024-07-01 12:20:30,docker_controller_1,0.39,26.18
2024-07-01 12:20:30,docker_pgbouncer_1,0.04,1.33
2024-07-01 12:20:30,docker_postgres_1,0.00,35.89
2024-07-01 12:20:30,docker_cache_1,72.28,1003.00
2024-07-01 12:20:42,docker_detector_1,27.85,1024.00
2024-07-01 12:20:42,docker_combiner_1,0.21,69.82
2024-07-01 12:20:42,docker_extractor_1,0.33,79.31
2024-07-01 12:20:42,docker_minion_1,0.19,26.38
2024-07-01 12:20:42,docker_controller_1,0.32,26.19
2024-07-01 12:20:42,docker_pgbouncer_1,0.03,1.33
2024-07-01 12:20:42,docker_postgres_1,3.06,35.89
2024-07-01 12:20:42,docker_cache_1,0.30,1002.00
2024-07-01 12:20:55,docker_detector_1,790.32,984.90
2024-07-01 12:20:55,docker_combiner_1,0.41,69.82
2024-07-01 12:20:55,docker_extractor_1,0.56,79.31
2024-07-01 12:20:55,docker_minion_1,0.24,26.38
2024-07-01 12:20:55,docker_controller_1,0.41,26.19
2024-07-01 12:20:55,docker_pgbouncer_1,0.04,1.33
2024-07-01 12:20:55,docker_postgres_1,0.00,35.89
2024-07-01 12:20:55,docker_cache_1,0.35,1002.00
2024-07-01 12:21:08,docker_detector_1,723.62,984.90
2024-07-01 12:21:08,docker_combiner_1,0.32,69.82
2024-07-01 12:21:08,docker_extractor_1,0.49,79.31
2024-07-01 12:21:08,docker_minion_1,0.25,26.38
2024-07-01 12:21:08,docker_controller_1,0.36,26.18
2024-07-01 12:21:08,docker_pgbouncer_1,0.03,1.33
2024-07-01 12:21:08,docker_postgres_1,0.04,35.89
2024-07-01 12:21:08,docker_cache_1,71.61,997.30
2024-07-01 12:21:20,docker_detector_1,451.02,985.00
2024-07-01 12:21:20,docker_combiner_1,0.21,69.82
2024-07-01 12:21:20,docker_extractor_1,0.32,84.13
2024-07-01 12:21:20,docker_minion_1,0.28,26.38
2024-07-01 12:21:20,docker_controller_1,0.34,26.20
2024-07-01 12:21:20,docker_pgbouncer_1,0.02,1.33
2024-07-01 12:21:20,docker_postgres_1,0.03,35.89
2024-07-01 12:21:20,docker_cache_1,0.28,999.50
2024-07-01 12:21:33,docker_detector_1,701.90,1.03
2024-07-01 12:21:33,docker_combiner_1,0.27,69.82
2024-07-01 12:21:33,docker_extractor_1,0.49,84.13
2024-07-01 12:21:33,docker_minion_1,0.23,26.38
2024-07-01 12:21:33,docker_controller_1,0.36,26.20
2024-07-01 12:21:33,docker_pgbouncer_1,0.04,1.33
2024-07-01 12:21:33,docker_postgres_1,0.00,35.89
2024-07-01 12:21:33,docker_cache_1,0.37,985.00
2024-07-01 12:21:46,docker_detector_1,723.69,1015.00
2024-07-01 12:21:46,docker_combiner_1,0.34,69.83
2024-07-01 12:21:46,docker_extractor_1,0.48,79.32
2024-07-01 12:21:46,docker_minion_1,0.29,26.40
2024-07-01 12:21:46,docker_controller_1,0.38,26.21
2024-07-01 12:21:46,docker_pgbouncer_1,0.02,1.33
2024-07-01 12:21:46,docker_postgres_1,0.03,35.89
2024-07-01 12:21:46,docker_cache_1,71.29,994.00
2024-07-01 12:21:59,docker_detector_1,716.61,1015.00
2024-07-01 12:21:59,docker_combiner_1,0.26,69.83
2024-07-01 12:21:59,docker_extractor_1,0.73,79.32
2024-07-01 12:21:59,docker_minion_1,0.20,26.40
2024-07-01 12:21:59,docker_controller_1,0.33,26.21
2024-07-01 12:21:59,docker_pgbouncer_1,0.02,1.33
2024-07-01 12:21:59,docker_postgres_1,0.00,35.89
2024-07-01 12:21:59,docker_cache_1,70.46,1006.00
2024-07-01 12:22:11,docker_detector_1,228.36,1015.00
2024-07-01 12:22:11,docker_combiner_1,70.65,105.50
2024-07-01 12:22:11,docker_extractor_1,0.34,79.32
2024-07-01 12:22:11,docker_minion_1,5.13,26.40
2024-07-01 12:22:11,docker_controller_1,0.52,26.21
2024-07-01 12:22:11,docker_pgbouncer_1,1.93,1.33
2024-07-01 12:22:11,docker_postgres_1,1.56,35.89
2024-07-01 12:22:11,docker_cache_1,0.81,984.60
2024-07-01 12:22:24,docker_detector_1,719.51,1.05
2024-07-01 12:22:24,docker_combiner_1,0.33,62.01
2024-07-01 12:22:24,docker_extractor_1,0.60,84.17
2024-07-01 12:22:24,docker_minion_1,0.23,26.40
2024-07-01 12:22:24,docker_controller_1,0.47,26.21
2024-07-01 12:22:24,docker_pgbouncer_1,0.02,1.33
2024-07-01 12:22:24,docker_postgres_1,0.02,35.89
2024-07-01 12:22:24,docker_cache_1,91.89,1008.00
2024-07-01 12:22:37,docker_detector_1,712.85,1020.00
2024-07-01 12:22:37,docker_combiner_1,0.23,62.01
2024-07-01 12:22:37,docker_extractor_1,0.62,84.17
2024-07-01 12:22:37,docker_minion_1,0.23,26.40
2024-07-01 12:22:37,docker_controller_1,0.48,26.21
2024-07-01 12:22:37,docker_pgbouncer_1,0.03,1.33
2024-07-01 12:22:37,docker_postgres_1,0.00,35.90
2024-07-01 12:22:37,docker_cache_1,69.23,1002.00
2024-07-01 12:22:49,docker_detector_1,54.47,1020.00
2024-07-01 12:22:49,docker_combiner_1,0.23,59.57
2024-07-01 12:22:49,docker_extractor_1,0.43,79.34
2024-07-01 12:22:49,docker_minion_1,0.23,26.42
2024-07-01 12:22:49,docker_controller_1,0.36,26.22
2024-07-01 12:22:49,docker_pgbouncer_1,0.03,1.33
2024-07-01 12:22:49,docker_postgres_1,0.00,35.90
2024-07-01 12:22:49,docker_cache_1,0.31,999.50
2024-07-01 12:23:02,docker_detector_1,606.80,1.00
2024-07-01 12:23:02,docker_combiner_1,0.29,59.57
2024-07-01 12:23:02,docker_extractor_1,0.49,79.34
2024-07-01 12:23:02,docker_minion_1,0.21,26.42
2024-07-01 12:23:02,docker_controller_1,0.40,26.22
2024-07-01 12:23:02,docker_pgbouncer_1,0.03,1.33
2024-07-01 12:23:02,docker_postgres_1,0.01,35.89
2024-07-01 12:23:02,docker_cache_1,0.38,999.70
2024-07-01 12:23:15,docker_detector_1,721.05,998.30
2024-07-01 12:23:15,docker_combiner_1,0.33,59.57
2024-07-01 12:23:15,docker_extractor_1,0.48,79.34
2024-07-01 12:23:15,docker_minion_1,0.28,26.42
2024-07-01 12:23:15,docker_controller_1,0.40,26.21
2024-07-01 12:23:15,docker_pgbouncer_1,0.02,1.33
2024-07-01 12:23:15,docker_postgres_1,0.00,35.90
2024-07-01 12:23:15,docker_cache_1,71.14,997.70
2024-07-01 12:23:27,docker_detector_1,712.19,998.30
2024-07-01 12:23:27,docker_combiner_1,0.34,69.84
2024-07-01 12:23:27,docker_extractor_1,0.43,79.35
2024-07-01 12:23:27,docker_minion_1,0.17,26.43
2024-07-01 12:23:27,docker_controller_1,0.38,26.22
2024-07-01 12:23:27,docker_pgbouncer_1,0.04,1.34
2024-07-01 12:23:27,docker_postgres_1,0.03,35.89
2024-07-01 12:23:27,docker_cache_1,0.29,997.30
2024-07-01 12:23:40,docker_detector_1,473.80,1015.00
2024-07-01 12:23:40,docker_combiner_1,0.28,69.84
2024-07-01 12:23:40,docker_extractor_1,0.45,79.35
2024-07-01 12:23:40,docker_minion_1,0.18,26.43
2024-07-01 12:23:40,docker_controller_1,0.35,26.22
2024-07-01 12:23:40,docker_pgbouncer_1,0.03,1.34
2024-07-01 12:23:40,docker_postgres_1,0.00,35.89
2024-07-01 12:23:40,docker_cache_1,0.38,982.80
2024-07-01 12:23:53,docker_detector_1,718.88,1015.00
2024-07-01 12:23:53,docker_combiner_1,0.28,69.84
2024-07-01 12:23:53,docker_extractor_1,0.49,95.17
2024-07-01 12:23:53,docker_minion_1,0.22,26.45
2024-07-01 12:23:53,docker_controller_1,0.41,26.21
2024-07-01 12:23:53,docker_pgbouncer_1,0.04,1.33
2024-07-01 12:23:53,docker_postgres_1,0.07,35.89
2024-07-01 12:23:53,docker_cache_1,71.56,996.40
2024-07-01 12:24:05,docker_detector_1,755.82,1015.00
2024-07-01 12:24:05,docker_combiner_1,0.28,69.84
2024-07-01 12:24:05,docker_extractor_1,0.49,95.17
2024-07-01 12:24:05,docker_minion_1,0.19,26.45
2024-07-01 12:24:05,docker_controller_1,0.29,26.21
2024-07-01 12:24:05,docker_pgbouncer_1,0.02,1.33
2024-07-01 12:24:05,docker_postgres_1,1.59,35.89
2024-07-01 12:24:05,docker_cache_1,33.55,979.10
2024-07-01 12:24:18,docker_detector_1,427.46,984.70
2024-07-01 12:24:18,docker_combiner_1,100.75,73.01
2024-07-01 12:24:18,docker_extractor_1,0.36,95.17
2024-07-01 12:24:18,docker_minion_1,0.17,26.46
2024-07-01 12:24:18,docker_controller_1,0.32,26.21
2024-07-01 12:24:18,docker_pgbouncer_1,0.02,1.33
2024-07-01 12:24:18,docker_postgres_1,0.01,35.89
2024-07-01 12:24:18,docker_cache_1,1.72,986.40
2024-07-01 12:24:31,docker_detector_1,720.80,1.08
2024-07-01 12:24:31,docker_combiner_1,0.35,69.84
2024-07-01 12:24:31,docker_extractor_1,0.48,93.70
2024-07-01 12:24:31,docker_minion_1,0.23,26.46
2024-07-01 12:24:31,docker_controller_1,0.50,26.22
2024-07-01 12:24:31,docker_pgbouncer_1,0.02,1.33
2024-07-01 12:24:31,docker_postgres_1,0.00,35.89
2024-07-01 12:24:31,docker_cache_1,69.47,1003.00
2024-07-01 12:24:43,docker_detector_1,714.48,1.07
2024-07-01 12:24:43,docker_combiner_1,0.35,69.84
2024-07-01 12:24:43,docker_extractor_1,0.53,93.70
2024-07-01 12:24:43,docker_minion_1,0.23,26.46
2024-07-01 12:24:43,docker_controller_1,0.51,26.22
2024-07-01 12:24:43,docker_pgbouncer_1,0.04,1.33
2024-07-01 12:24:43,docker_postgres_1,0.02,35.89
2024-07-01 12:24:43,docker_cache_1,86.09,998.70
2024-07-01 12:24:56,docker_detector_1,795.23,1.04
2024-07-01 12:24:56,docker_combiner_1,0.34,69.85
2024-07-01 12:24:56,docker_extractor_1,0.43,91.29
2024-07-01 12:24:56,docker_minion_1,0.28,26.47
2024-07-01 12:24:56,docker_controller_1,0.51,26.21
2024-07-01 12:24:56,docker_pgbouncer_1,0.02,1.33
2024-07-01 12:24:56,docker_postgres_1,0.02,35.89
2024-07-01 12:24:56,docker_cache_1,0.29,996.20
2024-07-01 12:25:09,docker_detector_1,576.33,1.05
2024-07-01 12:25:09,docker_combiner_1,0.25,69.85
2024-07-01 12:25:09,docker_extractor_1,0.41,91.29
2024-07-01 12:25:09,docker_minion_1,0.18,26.47
2024-07-01 12:25:09,docker_controller_1,0.34,26.21
2024-07-01 12:25:09,docker_pgbouncer_1,0.02,1.33
2024-07-01 12:25:09,docker_postgres_1,0.00,35.90
2024-07-01 12:25:09,docker_cache_1,8.49,1001.00
2024-07-01 12:25:21,docker_detector_1,715.21,1021.00
2024-07-01 12:25:21,docker_combiner_1,0.32,69.84
2024-07-01 12:25:21,docker_extractor_1,0.47,91.29
2024-07-01 12:25:21,docker_minion_1,0.21,26.47
2024-07-01 12:25:21,docker_controller_1,0.43,26.21
2024-07-01 12:25:21,docker_pgbouncer_1,0.02,1.33
2024-07-01 12:25:21,docker_postgres_1,0.03,35.89
2024-07-01 12:25:21,docker_cache_1,71.11,995.70
2024-07-01 12:25:34,docker_detector_1,792.93,1.02
2024-07-01 12:25:34,docker_combiner_1,0.35,69.85
2024-07-01 12:25:34,docker_extractor_1,0.56,93.70
2024-07-01 12:25:34,docker_minion_1,0.21,26.48
2024-07-01 12:25:34,docker_controller_1,0.52,26.23
2024-07-01 12:25:34,docker_pgbouncer_1,0.04,1.33
2024-07-01 12:25:34,docker_postgres_1,0.01,35.89
2024-07-01 12:25:34,docker_cache_1,0.38,993.80
2024-07-01 12:25:47,docker_detector_1,587.67,1.00
2024-07-01 12:25:47,docker_combiner_1,0.31,69.85
2024-07-01 12:25:47,docker_extractor_1,0.39,93.70
2024-07-01 12:25:47,docker_minion_1,0.19,26.48
2024-07-01 12:25:47,docker_controller_1,0.35,26.23
2024-07-01 12:25:47,docker_pgbouncer_1,0.02,1.33
2024-07-01 12:25:47,docker_postgres_1,0.00,35.90
2024-07-01 12:25:47,docker_cache_1,0.29,979.30
2024-07-01 12:25:59,docker_detector_1,721.21,1.00
2024-07-01 12:25:59,docker_combiner_1,0.29,69.84
2024-07-01 12:25:59,docker_extractor_1,0.51,96.11
2024-07-01 12:25:59,docker_minion_1,0.37,26.48
2024-07-01 12:25:59,docker_controller_1,0.43,26.22
2024-07-01 12:25:59,docker_pgbouncer_1,0.03,1.33
2024-07-01 12:25:59,docker_postgres_1,0.02,35.89
2024-07-01 12:25:59,docker_cache_1,71.44,990.80
2024-07-01 12:26:12,docker_detector_1,794.92,1.00
2024-07-01 12:26:12,docker_combiner_1,0.45,69.84
2024-07-01 12:26:12,docker_extractor_1,0.61,96.11
2024-07-01 12:26:12,docker_minion_1,0.29,26.48
2024-07-01 12:26:12,docker_controller_1,0.54,26.22
2024-07-01 12:26:12,docker_pgbouncer_1,0.04,1.33
2024-07-01 12:26:12,docker_postgres_1,0.00,35.89
2024-07-01 12:26:12,docker_cache_1,0.37,978.40
2024-07-01 12:26:25,docker_detector_1,0.27,1.00
2024-07-01 12:26:25,docker_combiner_1,82.25,69.85
2024-07-01 12:26:25,docker_extractor_1,7.69,96.14
2024-07-01 12:26:25,docker_minion_1,0.22,26.49
2024-07-01 12:26:25,docker_controller_1,3.76,26.23
2024-07-01 12:26:25,docker_pgbouncer_1,1.98,1.33
2024-07-01 12:26:25,docker_postgres_1,1.52,35.89
2024-07-01 12:26:25,docker_cache_1,1.81,993.00
2024-07-01 12:26:37,docker_detector_1,115.71,1.02
2024-07-01 12:26:37,docker_combiner_1,0.20,69.84
2024-07-01 12:26:37,docker_extractor_1,0.46,94.26
2024-07-01 12:26:37,docker_minion_1,0.21,26.49
2024-07-01 12:26:37,docker_controller_1,0.50,26.23
2024-07-01 12:26:37,docker_pgbouncer_1,0.02,1.34
2024-07-01 12:26:37,docker_postgres_1,0.01,35.89
2024-07-01 12:26:37,docker_cache_1,91.48,1006.00
2024-07-01 12:26:50,docker_detector_1,722.08,1.02
2024-07-01 12:26:50,docker_combiner_1,0.31,69.84
2024-07-01 12:26:50,docker_extractor_1,0.47,94.26
2024-07-01 12:26:50,docker_minion_1,0.24,26.49
2024-07-01 12:26:50,docker_controller_1,0.45,26.23
2024-07-01 12:26:50,docker_pgbouncer_1,0.04,1.34
2024-07-01 12:26:50,docker_postgres_1,0.00,35.90
2024-07-01 12:26:50,docker_cache_1,68.21,998.80
2024-07-01 12:27:03,docker_detector_1,789.73,1.02
2024-07-01 12:27:03,docker_combiner_1,0.51,69.85
2024-07-01 12:27:03,docker_extractor_1,0.61,93.70
2024-07-01 12:27:03,docker_minion_1,0.25,26.51
2024-07-01 12:27:03,docker_controller_1,0.60,26.23
2024-07-01 12:27:03,docker_pgbouncer_1,0.07,1.33
2024-07-01 12:27:03,docker_postgres_1,0.04,35.89
2024-07-01 12:27:03,docker_cache_1,0.34,995.60
2024-07-01 12:27:15,docker_detector_1,705.60,1000.00
2024-07-01 12:27:15,docker_combiner_1,0.29,69.85
2024-07-01 12:27:15,docker_extractor_1,0.42,93.70
2024-07-01 12:27:15,docker_minion_1,0.20,26.51
2024-07-01 12:27:15,docker_controller_1,0.35,26.23
2024-07-01 12:27:15,docker_pgbouncer_1,0.02,1.33
2024-07-01 12:27:15,docker_postgres_1,0.00,35.90
2024-07-01 12:27:15,docker_cache_1,79.58,1002.00
2024-07-01 12:27:28,docker_detector_1,445.65,1000.00
2024-07-01 12:27:28,docker_combiner_1,35.00,126.20
2024-07-01 12:27:28,docker_extractor_1,0.41,93.69
2024-07-01 12:27:28,docker_minion_1,5.82,26.52
2024-07-01 12:27:28,docker_controller_1,4.26,26.23
2024-07-01 12:27:28,docker_pgbouncer_1,2.23,1.33
2024-07-01 12:27:28,docker_postgres_1,1.68,35.90
2024-07-01 12:27:28,docker_cache_1,91.45,995.50
2024-07-01 12:27:41,docker_detector_1,797.85,1000.00
2024-07-01 12:27:41,docker_combiner_1,0.44,59.56
2024-07-01 12:27:41,docker_extractor_1,0.60,96.11
2024-07-01 12:27:41,docker_minion_1,0.31,26.52
2024-07-01 12:27:41,docker_controller_1,0.59,26.22
2024-07-01 12:27:41,docker_pgbouncer_1,0.05,1.33
2024-07-01 12:27:41,docker_postgres_1,0.05,35.89
2024-07-01 12:27:41,docker_cache_1,0.35,995.60
2024-07-01 12:27:53,docker_detector_1,790.29,1.00
2024-07-01 12:27:53,docker_combiner_1,0.51,59.56
2024-07-01 12:27:53,docker_extractor_1,0.63,96.11
2024-07-01 12:27:53,docker_minion_1,0.33,26.52
2024-07-01 12:27:53,docker_controller_1,0.61,26.22
2024-07-01 12:27:53,docker_pgbouncer_1,0.03,1.33
2024-07-01 12:27:53,docker_postgres_1,0.00,35.90
2024-07-01 12:27:53,docker_cache_1,0.30,978.70
2024-07-01 12:28:06,docker_detector_1,709.08,1.00
2024-07-01 12:28:06,docker_combiner_1,0.36,69.84
2024-07-01 12:28:06,docker_extractor_1,0.54,93.71
2024-07-01 12:28:06,docker_minion_1,0.19,26.52
2024-07-01 12:28:06,docker_controller_1,0.44,26.23
2024-07-01 12:28:06,docker_pgbouncer_1,0.03,1.33
2024-07-01 12:28:06,docker_postgres_1,1.28,35.90
2024-07-01 12:28:06,docker_cache_1,70.08,990.70
2024-07-01 12:28:19,docker_detector_1,790.13,1015.00
2024-07-01 12:28:19,docker_combiner_1,0.37,69.84
2024-07-01 12:28:19,docker_extractor_1,0.57,93.71
2024-07-01 12:28:19,docker_minion_1,0.25,26.52
2024-07-01 12:28:19,docker_controller_1,0.52,26.23
2024-07-01 12:28:19,docker_pgbouncer_1,0.03,1.33
2024-07-01 12:28:19,docker_postgres_1,0.01,35.89
2024-07-01 12:28:19,docker_cache_1,0.32,975.10
2024-07-01 12:28:31,docker_detector_1,0.23,984.70
2024-07-01 12:28:31,docker_combiner_1,26.37,64.43
2024-07-01 12:28:31,docker_extractor_1,44.14,96.12
2024-07-01 12:28:31,docker_minion_1,11.06,26.54
2024-07-01 12:28:31,docker_controller_1,7.44,26.36
2024-07-01 12:28:31,docker_pgbouncer_1,3.99,1.34
2024-07-01 12:28:31,docker_postgres_1,3.05,35.90
2024-07-01 12:28:31,docker_cache_1,2.78,992.10
2024-07-01 12:28:44,docker_detector_1,715.88,1.05
2024-07-01 12:28:44,docker_combiner_1,0.27,64.43
2024-07-01 12:28:44,docker_extractor_1,0.47,96.12
2024-07-01 12:28:44,docker_minion_1,0.17,26.54
2024-07-01 12:28:44,docker_controller_1,0.43,26.23
2024-07-01 12:28:44,docker_pgbouncer_1,0.02,1.33
2024-07-01 12:28:44,docker_postgres_1,0.02,35.89
2024-07-01 12:28:44,docker_cache_1,85.89,1000.00
2024-07-01 12:28:57,docker_detector_1,540.23,1.11
2024-07-01 12:28:57,docker_combiner_1,0.40,64.43
2024-07-01 12:28:57,docker_extractor_1,0.42,96.12
2024-07-01 12:28:57,docker_minion_1,0.22,26.54
2024-07-01 12:28:57,docker_controller_1,0.41,26.23
2024-07-01 12:28:57,docker_pgbouncer_1,0.05,1.33
2024-07-01 12:28:57,docker_postgres_1,0.00,35.89
2024-07-01 12:28:57,docker_cache_1,74.04,993.90
2024-07-01 12:29:09,docker_detector_1,790.89,1.05
2024-07-01 12:29:09,docker_combiner_1,0.52,64.44
2024-07-01 12:29:09,docker_extractor_1,0.57,96.13
2024-07-01 12:29:09,docker_minion_1,0.27,26.55
2024-07-01 12:29:09,docker_controller_1,0.63,26.24
2024-07-01 12:29:09,docker_pgbouncer_1,0.03,1.34
2024-07-01 12:29:09,docker_postgres_1,0.10,35.89
2024-07-01 12:29:09,docker_cache_1,0.35,992.20
2024-07-01 12:29:22,docker_detector_1,778.16,1.01
2024-07-01 12:29:22,docker_combiner_1,0.32,64.44
2024-07-01 12:29:22,docker_extractor_1,0.48,96.13
2024-07-01 12:29:22,docker_minion_1,0.19,26.55
2024-07-01 12:29:22,docker_controller_1,0.51,26.24
2024-07-01 12:29:22,docker_pgbouncer_1,0.02,1.34
2024-07-01 12:29:22,docker_postgres_1,0.00,35.89
2024-07-01 12:29:22,docker_cache_1,0.30,992.20
2024-07-01 12:29:35,docker_detector_1,0.59,1.01
2024-07-01 12:29:35,docker_combiner_1,100.15,104.90
2024-07-01 12:29:35,docker_extractor_1,0.43,96.13
2024-07-01 12:29:35,docker_minion_1,4.96,26.55
2024-07-01 12:29:35,docker_controller_1,1.36,26.24
2024-07-01 12:29:35,docker_pgbouncer_1,0.35,1.33
2024-07-01 12:29:35,docker_postgres_1,0.32,35.90
2024-07-01 12:29:35,docker_cache_1,79.15,990.20
2024-07-01 12:29:47,docker_detector_1,789.93,1.04
2024-07-01 12:29:47,docker_combiner_1,0.40,64.50
2024-07-01 12:29:47,docker_extractor_1,0.62,96.13
2024-07-01 12:29:47,docker_minion_1,0.29,26.56
2024-07-01 12:29:47,docker_controller_1,0.54,26.24
2024-07-01 12:29:47,docker_pgbouncer_1,0.03,1.33
2024-07-01 12:29:47,docker_postgres_1,0.03,35.89
2024-07-01 12:29:47,docker_cache_1,0.36,992.50
2024-07-01 12:30:00,docker_detector_1,469.96,1.04
2024-07-01 12:30:00,docker_combiner_1,0.44,64.50
2024-07-01 12:30:00,docker_extractor_1,0.55,96.13
2024-07-01 12:30:00,docker_minion_1,0.24,26.56
2024-07-01 12:30:00,docker_controller_1,0.48,26.24
2024-07-01 12:30:00,docker_pgbouncer_1,0.02,1.33
2024-07-01 12:30:00,docker_postgres_1,0.01,35.89
2024-07-01 12:30:00,docker_cache_1,0.33,975.40
2024-07-01 12:30:13,docker_detector_1,698.68,1.04
2024-07-01 12:30:13,docker_combiner_1,0.34,62.05
2024-07-01 12:30:13,docker_extractor_1,0.57,91.43
2024-07-01 12:30:13,docker_minion_1,0.21,26.56
2024-07-01 12:30:13,docker_controller_1,0.39,26.23
2024-07-01 12:30:13,docker_pgbouncer_1,0.03,1.33
2024-07-01 12:30:13,docker_postgres_1,0.04,35.89
2024-07-01 12:30:13,docker_cache_1,94.02,997.50
2024-07-01 12:30:25,docker_detector_1,710.62,1.00
2024-07-01 12:30:25,docker_combiner_1,0.36,62.05
2024-07-01 12:30:25,docker_extractor_1,0.49,91.43
2024-07-01 12:30:25,docker_minion_1,0.22,26.56
2024-07-01 12:30:25,docker_controller_1,0.51,26.23
2024-07-01 12:30:25,docker_pgbouncer_1,0.03,1.33
2024-07-01 12:30:25,docker_postgres_1,1.12,35.90
2024-07-01 12:30:25,docker_cache_1,71.28,1005.00
2024-07-01 12:30:38,docker_detector_1,0.23,1.03
2024-07-01 12:30:38,docker_combiner_1,59.52,102.70
2024-07-01 12:30:38,docker_extractor_1,0.31,91.43
2024-07-01 12:30:38,docker_minion_1,0.17,26.56
2024-07-01 12:30:38,docker_controller_1,0.36,26.24
2024-07-01 12:30:38,docker_pgbouncer_1,0.02,1.33
2024-07-01 12:30:38,docker_postgres_1,0.00,35.90
2024-07-01 12:30:38,docker_cache_1,1.21,976.10
2024-07-01 12:30:51,docker_detector_1,473.29,1.05
2024-07-01 12:30:51,docker_combiner_1,0.34,62.03
2024-07-01 12:30:51,docker_extractor_1,0.46,97.61
2024-07-01 12:30:51,docker_minion_1,0.21,26.60
2024-07-01 12:30:51,docker_controller_1,0.39,26.24
2024-07-01 12:30:51,docker_pgbouncer_1,0.02,1.33
2024-07-01 12:30:51,docker_postgres_1,0.02,35.89
2024-07-01 12:30:51,docker_cache_1,72.43,995.40
2024-07-01 12:31:03,docker_detector_1,719.06,1.05
2024-07-01 12:31:03,docker_combiner_1,0.41,62.03
2024-07-01 12:31:03,docker_extractor_1,0.52,97.61
2024-07-01 12:31:03,docker_minion_1,0.22,26.59
2024-07-01 12:31:03,docker_controller_1,0.58,26.23
2024-07-01 12:31:03,docker_pgbouncer_1,0.02,1.33
2024-07-01 12:31:03,docker_postgres_1,0.00,35.89
2024-07-01 12:31:03,docker_cache_1,89.06,988.60
2024-07-01 12:31:16,docker_detector_1,792.69,1.05
2024-07-01 12:31:16,docker_combiner_1,0.36,62.02
2024-07-01 12:31:16,docker_extractor_1,0.54,98.54
2024-07-01 12:31:16,docker_minion_1,0.19,26.61
2024-07-01 12:31:16,docker_controller_1,0.47,26.24
2024-07-01 12:31:16,docker_pgbouncer_1,0.03,1.33
2024-07-01 12:31:16,docker_postgres_1,0.02,35.89
2024-07-01 12:31:16,docker_cache_1,0.32,983.40
2024-07-01 12:31:29,docker_detector_1,314.02,1.02
2024-07-01 12:31:29,docker_combiner_1,0.27,62.02
2024-07-01 12:31:29,docker_extractor_1,0.37,98.54
2024-07-01 12:31:29,docker_minion_1,0.20,26.61
2024-07-01 12:31:29,docker_controller_1,0.27,26.24
2024-07-01 12:31:29,docker_pgbouncer_1,0.03,1.33
2024-07-01 12:31:29,docker_postgres_1,0.00,35.90
2024-07-01 12:31:29,docker_cache_1,0.33,983.50
2024-07-01 12:31:41,docker_detector_1,719.84,1.02
2024-07-01 12:31:41,docker_combiner_1,0.34,62.02
2024-07-01 12:31:41,docker_extractor_1,0.60,98.54
2024-07-01 12:31:41,docker_minion_1,0.22,26.60
2024-07-01 12:31:41,docker_controller_1,0.50,26.23
2024-07-01 12:31:41,docker_pgbouncer_1,0.03,1.33
2024-07-01 12:31:41,docker_postgres_1,0.03,35.89
2024-07-01 12:31:41,docker_cache_1,71.01,986.30
2024-07-01 12:31:54,docker_detector_1,797.73,1.04
2024-07-01 12:31:54,docker_combiner_1,0.26,62.03
2024-07-01 12:31:54,docker_extractor_1,0.66,98.55
2024-07-01 12:31:54,docker_minion_1,0.26,26.61
2024-07-01 12:31:54,docker_controller_1,0.53,26.25
2024-07-01 12:31:54,docker_pgbouncer_1,0.03,1.33
2024-07-01 12:31:54,docker_postgres_1,0.03,35.89
2024-07-01 12:31:54,docker_cache_1,0.41,986.10
2024-07-01 12:32:07,docker_detector_1,551.25,1.02
2024-07-01 12:32:07,docker_combiner_1,0.37,62.03
2024-07-01 12:32:07,docker_extractor_1,0.43,98.55
2024-07-01 12:32:07,docker_minion_1,0.17,26.61
2024-07-01 12:32:07,docker_controller_1,0.41,26.25
2024-07-01 12:32:07,docker_pgbouncer_1,0.02,1.33
2024-07-01 12:32:07,docker_postgres_1,0.00,35.90
2024-07-01 12:32:07,docker_cache_1,0.30,969.10
2024-07-01 12:32:19,docker_detector_1,721.65,1.02
2024-07-01 12:32:19,docker_combiner_1,0.36,62.04
2024-07-01 12:32:19,docker_extractor_1,0.61,98.55
2024-07-01 12:32:19,docker_minion_1,0.26,26.62
2024-07-01 12:32:19,docker_controller_1,0.51,26.24
2024-07-01 12:32:19,docker_pgbouncer_1,0.03,1.33
2024-07-01 12:32:19,docker_postgres_1,0.03,35.89
2024-07-01 12:32:19,docker_cache_1,70.11,979.90
2024-07-01 12:32:32,docker_detector_1,790.38,1.02
2024-07-01 12:32:32,docker_combiner_1,0.44,62.04
2024-07-01 12:32:32,docker_extractor_1,0.67,98.55
2024-07-01 12:32:32,docker_minion_1,0.31,26.62
2024-07-01 12:32:32,docker_controller_1,0.46,26.24
2024-07-01 12:32:32,docker_pgbouncer_1,0.05,1.33
2024-07-01 12:32:32,docker_postgres_1,0.00,35.89
2024-07-01 12:32:32,docker_cache_1,0.41,968.30
2024-07-01 12:32:45,docker_detector_1,0.24,1.02
2024-07-01 12:32:45,docker_combiner_1,100.32,115.70
2024-07-01 12:32:45,docker_extractor_1,0.32,98.55
2024-07-01 12:32:45,docker_minion_1,0.16,26.62
2024-07-01 12:32:45,docker_controller_1,0.29,26.25
2024-07-01 12:32:45,docker_pgbouncer_1,0.02,1.33
2024-07-01 12:32:45,docker_postgres_1,0.00,35.90
2024-07-01 12:32:45,docker_cache_1,1.25,973.10
2024-07-01 12:32:57,docker_detector_1,678.19,1.09
2024-07-01 12:32:57,docker_combiner_1,0.31,62.03
2024-07-01 12:32:57,docker_extractor_1,0.65,96.14
2024-07-01 12:32:57,docker_minion_1,0.23,26.62
2024-07-01 12:32:57,docker_controller_1,0.41,26.25
2024-07-01 12:32:57,docker_pgbouncer_1,0.03,1.33
2024-07-01 12:32:57,docker_postgres_1,0.03,35.90
2024-07-01 12:32:57,docker_cache_1,92.75,995.50
2024-07-01 12:33:10,docker_detector_1,706.87,1.05
2024-07-01 12:33:10,docker_combiner_1,0.37,62.03
2024-07-01 12:33:10,docker_extractor_1,0.56,96.14
2024-07-01 12:33:10,docker_minion_1,0.24,26.62
2024-07-01 12:33:10,docker_controller_1,0.50,26.24
2024-07-01 12:33:10,docker_pgbouncer_1,0.03,1.33
2024-07-01 12:33:10,docker_postgres_1,0.00,35.90
2024-07-01 12:33:10,docker_cache_1,70.63,988.30
2024-07-01 12:33:23,docker_detector_1,795.07,1.05
2024-07-01 12:33:23,docker_combiner_1,0.44,62.04
2024-07-01 12:33:23,docker_extractor_1,0.64,98.56
2024-07-01 12:33:23,docker_minion_1,0.29,26.63
2024-07-01 12:33:23,docker_controller_1,0.55,26.25
2024-07-01 12:33:23,docker_pgbouncer_1,0.03,1.33
2024-07-01 12:33:23,docker_postgres_1,0.04,35.90
2024-07-01 12:33:23,docker_cache_1,0.26,985.50
2024-07-01 12:33:35,docker_detector_1,297.70,1.01
2024-07-01 12:33:35,docker_combiner_1,0.26,62.04
2024-07-01 12:33:35,docker_extractor_1,0.38,98.56
2024-07-01 12:33:35,docker_minion_1,0.17,26.63
2024-07-01 12:33:35,docker_controller_1,0.39,26.25
2024-07-01 12:33:35,docker_pgbouncer_1,0.02,1.33
2024-07-01 12:33:35,docker_postgres_1,0.02,35.90
2024-07-01 12:33:35,docker_cache_1,75.78,992.40
2024-07-01 12:33:48,docker_detector_1,706.36,1.01
2024-07-01 12:33:48,docker_combiner_1,0.47,62.04
2024-07-01 12:33:48,docker_extractor_1,0.61,98.56
2024-07-01 12:33:48,docker_minion_1,0.28,26.62
2024-07-01 12:33:48,docker_controller_1,0.45,26.25
2024-07-01 12:33:48,docker_pgbouncer_1,0.04,1.33
2024-07-01 12:33:48,docker_postgres_1,0.00,35.91
2024-07-01 12:33:48,docker_cache_1,71.57,984.00
2024-07-01 12:34:01,docker_detector_1,790.44,1023.00
2024-07-01 12:34:01,docker_combiner_1,0.48,64.49
2024-07-01 12:34:01,docker_extractor_1,0.59,93.73
2024-07-01 12:34:01,docker_minion_1,0.25,26.63
2024-07-01 12:34:01,docker_controller_1,0.61,26.25
2024-07-01 12:34:01,docker_pgbouncer_1,0.03,1.33
2024-07-01 12:34:01,docker_postgres_1,0.04,35.90
2024-07-01 12:34:01,docker_cache_1,0.34,985.70
2024-07-01 12:34:13,docker_detector_1,793.71,1.01
2024-07-01 12:34:13,docker_combiner_1,0.45,64.49
2024-07-01 12:34:13,docker_extractor_1,0.53,93.73
2024-07-01 12:34:13,docker_minion_1,0.23,26.63
2024-07-01 12:34:13,docker_controller_1,0.30,26.25
2024-07-01 12:34:13,docker_pgbouncer_1,0.02,1.33
2024-07-01 12:34:13,docker_postgres_1,0.00,35.90
2024-07-01 12:34:13,docker_cache_1,0.25,968.70
2024-07-01 12:34:26,docker_detector_1,722.81,1015.00
2024-07-01 12:34:26,docker_combiner_1,0.36,62.03
2024-07-01 12:34:26,docker_extractor_1,0.59,95.21
2024-07-01 12:34:26,docker_minion_1,0.21,26.64
2024-07-01 12:34:26,docker_controller_1,0.49,26.25
2024-07-01 12:34:26,docker_pgbouncer_1,0.03,1.33
2024-07-01 12:34:26,docker_postgres_1,1.25,35.94
2024-07-01 12:34:26,docker_cache_1,70.34,992.20
2024-07-01 12:34:39,docker_detector_1,791.18,1015.00
2024-07-01 12:34:39,docker_combiner_1,0.47,62.03
2024-07-01 12:34:39,docker_extractor_1,0.69,95.21
2024-07-01 12:34:39,docker_minion_1,0.25,26.64
2024-07-01 12:34:39,docker_controller_1,0.56,26.25
2024-07-01 12:34:39,docker_pgbouncer_1,0.04,1.33
2024-07-01 12:34:39,docker_postgres_1,0.00,35.90
2024-07-01 12:34:39,docker_cache_1,0.31,967.40
2024-07-01 12:34:51,docker_detector_1,38.75,1.05
2024-07-01 12:34:51,docker_combiner_1,1.51,72.32
2024-07-01 12:34:51,docker_extractor_1,42.55,93.73
2024-07-01 12:34:51,docker_minion_1,10.81,26.65
2024-07-01 12:34:51,docker_controller_1,7.48,26.26
2024-07-01 12:34:51,docker_pgbouncer_1,3.97,1.33
2024-07-01 12:34:51,docker_postgres_1,3.00,35.90
2024-07-01 12:34:51,docker_cache_1,1.26,977.20
2024-07-01 12:35:04,docker_detector_1,724.19,1.07
2024-07-01 12:35:04,docker_combiner_1,0.28,72.31
2024-07-01 12:35:04,docker_extractor_1,0.48,93.73
2024-07-01 12:35:04,docker_minion_1,0.24,26.64
2024-07-01 12:35:04,docker_controller_1,0.52,26.25
2024-07-01 12:35:04,docker_pgbouncer_1,0.02,1.33
2024-07-01 12:35:04,docker_postgres_1,0.02,35.90
2024-07-01 12:35:04,docker_cache_1,71.25,996.80
2024-07-01 12:35:17,docker_detector_1,723.97,1.08
2024-07-01 12:35:17,docker_combiner_1,0.37,72.31
2024-07-01 12:35:17,docker_extractor_1,0.62,93.73
2024-07-01 12:35:17,docker_minion_1,0.20,26.64
2024-07-01 12:35:17,docker_controller_1,0.47,26.25
2024-07-01 12:35:17,docker_pgbouncer_1,0.02,1.33
2024-07-01 12:35:17,docker_postgres_1,0.11,35.90
2024-07-01 12:35:17,docker_cache_1,69.96,989.90
2024-07-01 12:35:29,docker_detector_1,791.35,1.08
2024-07-01 12:35:29,docker_combiner_1,0.47,72.32
2024-07-01 12:35:29,docker_extractor_1,0.62,91.45
2024-07-01 12:35:29,docker_minion_1,0.29,26.65
2024-07-01 12:35:29,docker_controller_1,0.52,26.25
2024-07-01 12:35:29,docker_pgbouncer_1,0.03,1.33
2024-07-01 12:35:29,docker_postgres_1,0.00,35.91
2024-07-01 12:35:29,docker_cache_1,0.35,984.60
2024-07-01 12:35:42,docker_detector_1,709.82,1015.00
2024-07-01 12:35:42,docker_combiner_1,0.28,72.32
2024-07-01 12:35:42,docker_extractor_1,0.44,91.45
2024-07-01 12:35:42,docker_minion_1,0.17,26.65
2024-07-01 12:35:42,docker_controller_1,0.34,26.25
2024-07-01 12:35:42,docker_pgbouncer_1,0.02,1.33
2024-07-01 12:35:42,docker_postgres_1,0.02,35.91
2024-07-01 12:35:42,docker_cache_1,85.21,978.30
2024-07-01 12:35:55,docker_detector_1,716.36,1015.00
2024-07-01 12:35:55,docker_combiner_1,0.48,72.31
2024-07-01 12:35:55,docker_extractor_1,0.59,91.45
2024-07-01 12:35:55,docker_minion_1,0.29,26.65
2024-07-01 12:35:55,docker_controller_1,0.55,26.25
2024-07-01 12:35:55,docker_pgbouncer_1,0.02,1.33
2024-07-01 12:35:55,docker_postgres_1,0.00,35.91
2024-07-01 12:35:55,docker_cache_1,71.51,986.10
2024-07-01 12:36:07,docker_detector_1,794.91,1.04
2024-07-01 12:36:07,docker_combiner_1,0.46,62.03
2024-07-01 12:36:07,docker_extractor_1,0.66,98.55
2024-07-01 12:36:07,docker_minion_1,0.26,26.68
2024-07-01 12:36:07,docker_controller_1,0.53,26.25
2024-07-01 12:36:07,docker_pgbouncer_1,0.02,1.33
2024-07-01 12:36:07,docker_postgres_1,0.03,35.91
2024-07-01 12:36:07,docker_cache_1,0.56,967.80
2024-07-01 12:36:20,docker_detector_1,791.24,1.02
2024-07-01 12:36:20,docker_combiner_1,0.52,62.03
2024-07-01 12:36:20,docker_extractor_1,0.64,98.55
2024-07-01 12:36:20,docker_minion_1,0.26,26.68
2024-07-01 12:36:20,docker_controller_1,0.50,26.25
2024-07-01 12:36:20,docker_pgbouncer_1,0.02,1.33
2024-07-01 12:36:20,docker_postgres_1,0.04,35.91
2024-07-01 12:36:20,docker_cache_1,0.30,967.80
2024-07-01 12:36:33,docker_detector_1,443.06,1.02
2024-07-01 12:36:33,docker_combiner_1,0.29,62.03
2024-07-01 12:36:33,docker_extractor_1,0.42,98.56
2024-07-01 12:36:33,docker_minion_1,0.22,26.69
2024-07-01 12:36:33,docker_controller_1,0.34,26.26
2024-07-01 12:36:33,docker_pgbouncer_1,0.02,1.33
2024-07-01 12:36:33,docker_postgres_1,0.03,35.91
2024-07-01 12:36:33,docker_cache_1,69.82,998.80
2024-07-01 12:36:45,docker_detector_1,794.59,1.02
2024-07-01 12:36:45,docker_combiner_1,0.25,62.03
2024-07-01 12:36:45,docker_extractor_1,0.37,98.56
2024-07-01 12:36:45,docker_minion_1,0.19,26.69
2024-07-01 12:36:45,docker_controller_1,0.33,26.26
2024-07-01 12:36:45,docker_pgbouncer_1,0.02,1.33
2024-07-01 12:36:45,docker_postgres_1,1.10,35.92
2024-07-01 12:36:45,docker_cache_1,0.29,967.90
2024-07-01 12:36:58,docker_detector_1,488.35,1015.00
2024-07-01 12:36:58,docker_combiner_1,0.32,62.04
2024-07-01 12:36:58,docker_extractor_1,0.44,96.15
2024-07-01 12:36:58,docker_minion_1,0.21,26.70
2024-07-01 12:36:58,docker_controller_1,0.41,26.26
2024-07-01 12:36:58,docker_pgbouncer_1,0.02,1.33
2024-07-01 12:36:58,docker_postgres_1,0.00,35.92
2024-07-01 12:36:58,docker_cache_1,2.33,985.00
2024-07-01 12:37:11,docker_detector_1,712.99,1.09
2024-07-01 12:37:11,docker_combiner_1,0.32,62.04
2024-07-01 12:37:11,docker_extractor_1,0.52,96.14
2024-07-01 12:37:11,docker_minion_1,0.20,26.70
2024-07-01 12:37:11,docker_controller_1,0.38,26.25
2024-07-01 12:37:11,docker_pgbouncer_1,0.02,1.33
2024-07-01 12:37:11,docker_postgres_1,0.00,35.92
2024-07-01 12:37:11,docker_cache_1,83.07,995.20
2024-07-01 12:37:23,docker_detector_1,699.77,1.05
2024-07-01 12:37:23,docker_combiner_1,0.28,62.04
2024-07-01 12:37:23,docker_extractor_1,0.41,96.14
2024-07-01 12:37:23,docker_minion_1,0.18,26.70
2024-07-01 12:37:23,docker_controller_1,0.38,26.25
2024-07-01 12:37:23,docker_pgbouncer_1,0.02,1.33
2024-07-01 12:37:23,docker_postgres_1,0.00,35.92
2024-07-01 12:37:23,docker_cache_1,72.21,987.20
2024-07-01 12:37:36,docker_detector_1,790.94,1.05
2024-07-01 12:37:36,docker_combiner_1,0.42,62.03
2024-07-01 12:37:36,docker_extractor_1,0.66,97.63
2024-07-01 12:37:36,docker_minion_1,0.28,26.70
2024-07-01 12:37:36,docker_controller_1,0.50,26.27
2024-07-01 12:37:36,docker_pgbouncer_1,0.03,1.34
2024-07-01 12:37:36,docker_postgres_1,0.03,35.91
2024-07-01 12:37:36,docker_cache_1,0.37,985.30
2024-07-01 12:37:49,docker_detector_1,704.34,1.02
2024-07-01 12:37:49,docker_combiner_1,0.41,62.03
2024-07-01 12:37:49,docker_extractor_1,0.60,97.63
2024-07-01 12:37:49,docker_minion_1,0.27,26.70
2024-07-01 12:37:49,docker_controller_1,0.57,26.27
2024-07-01 12:37:49,docker_pgbouncer_1,0.03,1.34
2024-07-01 12:37:49,docker_postgres_1,0.00,35.92
2024-07-01 12:37:49,docker_cache_1,87.65,992.50
2024-07-01 12:38:01,docker_detector_1,0.32,1.02
2024-07-01 12:38:01,docker_combiner_1,79.37,64.48
2024-07-01 12:38:01,docker_extractor_1,0.36,97.62
2024-07-01 12:38:01,docker_minion_1,5.73,26.70
2024-07-01 12:38:01,docker_controller_1,4.19,26.27
2024-07-01 12:38:01,docker_pgbouncer_1,2.10,1.34
2024-07-01 12:38:01,docker_postgres_1,1.67,35.91
2024-07-01 12:38:01,docker_cache_1,72.40,992.30
2024-07-01 12:38:14,docker_detector_1,267.79,1.01
2024-07-01 12:38:14,docker_combiner_1,0.25,64.48
2024-07-01 12:38:14,docker_extractor_1,0.34,98.59
2024-07-01 12:38:14,docker_minion_1,0.16,26.71
2024-07-01 12:38:14,docker_controller_1,0.29,26.27
2024-07-01 12:38:14,docker_pgbouncer_1,0.02,1.33
2024-07-01 12:38:14,docker_postgres_1,0.02,35.91
2024-07-01 12:38:14,docker_cache_1,0.39,985.30
2024-07-01 12:38:27,docker_detector_1,791.04,1.01
2024-07-01 12:38:27,docker_combiner_1,0.46,64.48
2024-07-01 12:38:27,docker_extractor_1,0.62,98.59
2024-07-01 12:38:27,docker_minion_1,0.28,26.71
2024-07-01 12:38:27,docker_controller_1,0.67,26.27
2024-07-01 12:38:27,docker_pgbouncer_1,0.05,1.33
2024-07-01 12:38:27,docker_postgres_1,0.00,35.98
2024-07-01 12:38:27,docker_cache_1,0.37,968.30
2024-07-01 12:38:39,docker_detector_1,527.44,1.01
2024-07-01 12:38:39,docker_combiner_1,0.27,66.99
2024-07-01 12:38:39,docker_extractor_1,0.41,91.45
2024-07-01 12:38:39,docker_minion_1,0.21,26.71
2024-07-01 12:38:39,docker_controller_1,0.69,26.26
2024-07-01 12:38:39,docker_pgbouncer_1,0.02,1.33
2024-07-01 12:38:39,docker_postgres_1,0.02,35.91
2024-07-01 12:38:39,docker_cache_1,71.04,991.80
2024-07-01 12:38:52,docker_detector_1,621.45,1.07
2024-07-01 12:38:52,docker_combiner_1,0.37,66.99
2024-07-01 12:38:52,docker_extractor_1,0.43,91.45
2024-07-01 12:38:52,docker_minion_1,0.25,26.71
2024-07-01 12:38:52,docker_controller_1,0.44,26.26
2024-07-01 12:38:52,docker_pgbouncer_1,0.02,1.33
2024-07-01 12:38:52,docker_postgres_1,0.00,35.91
2024-07-01 12:38:52,docker_cache_1,65.52,962.70
2024-07-01 12:39:05,docker_detector_1,187.01,1.01
2024-07-01 12:39:05,docker_combiner_1,0.23,69.50
2024-07-01 12:39:05,docker_extractor_1,0.56,98.57
2024-07-01 12:39:05,docker_minion_1,3.18,26.72
2024-07-01 12:39:05,docker_controller_1,2.57,26.27
2024-07-01 12:39:05,docker_pgbouncer_1,1.31,1.34
2024-07-01 12:39:05,docker_postgres_1,0.98,35.91
2024-07-01 12:39:05,docker_cache_1,2.83,978.90
2024-07-01 12:39:17,docker_detector_1,720.01,1.05
2024-07-01 12:39:17,docker_combiner_1,0.29,69.50
2024-07-01 12:39:17,docker_extractor_1,0.41,98.57
2024-07-01 12:39:17,docker_minion_1,0.18,26.72
2024-07-01 12:39:17,docker_controller_1,0.41,26.27
2024-07-01 12:39:17,docker_pgbouncer_1,0.02,1.34
2024-07-01 12:39:17,docker_postgres_1,0.00,35.91
2024-07-01 12:39:17,docker_cache_1,71.85,990.00
2024-07-01 12:39:30,docker_detector_1,719.13,1.05
2024-07-01 12:39:30,docker_combiner_1,0.24,69.50
2024-07-01 12:39:30,docker_extractor_1,0.38,98.57
2024-07-01 12:39:30,docker_minion_1,0.18,26.72
2024-07-01 12:39:30,docker_controller_1,0.30,26.26
2024-07-01 12:39:30,docker_pgbouncer_1,0.02,1.33
2024-07-01 12:39:30,docker_postgres_1,0.02,35.92
2024-07-01 12:39:30,docker_cache_1,89.06,983.00
2024-07-01 12:39:43,docker_detector_1,792.44,1.08
2024-07-01 12:39:43,docker_combiner_1,0.50,66.97
2024-07-01 12:39:43,docker_extractor_1,0.55,96.14
2024-07-01 12:39:43,docker_minion_1,0.26,26.72
2024-07-01 12:39:43,docker_controller_1,0.66,26.27
2024-07-01 12:39:43,docker_pgbouncer_1,0.02,1.33
2024-07-01 12:39:43,docker_postgres_1,0.04,35.91
2024-07-01 12:39:43,docker_cache_1,0.34,979.00
2024-07-01 12:39:55,docker_detector_1,711.02,1.01
2024-07-01 12:39:55,docker_combiner_1,0.35,66.97
2024-07-01 12:39:55,docker_extractor_1,0.41,96.14
2024-07-01 12:39:55,docker_minion_1,0.20,26.72
2024-07-01 12:39:55,docker_controller_1,0.40,26.27
2024-07-01 12:39:55,docker_pgbouncer_1,0.02,1.33
2024-07-01 12:39:55,docker_postgres_1,0.00,35.91
2024-07-01 12:39:55,docker_cache_1,77.94,986.10
2024-07-01 12:40:08,docker_detector_1,528.53,1.01
2024-07-01 12:40:08,docker_combiner_1,21.90,119.70
2024-07-01 12:40:08,docker_extractor_1,0.48,96.14
2024-07-01 12:40:08,docker_minion_1,5.79,26.73
2024-07-01 12:40:08,docker_controller_1,4.22,26.26
2024-07-01 12:40:08,docker_pgbouncer_1,2.23,1.33
2024-07-01 12:40:08,docker_postgres_1,0.01,35.91
2024-07-01 12:40:08,docker_cache_1,92.40,980.10
2024-07-01 12:40:21,docker_detector_1,792.99,1.04
2024-07-01 12:40:21,docker_combiner_1,0.47,66.95
2024-07-01 12:40:21,docker_extractor_1,0.56,91.46
2024-07-01 12:40:21,docker_minion_1,0.26,26.75
2024-07-01 12:40:21,docker_controller_1,0.62,26.28
2024-07-01 12:40:21,docker_pgbouncer_1,0.05,1.33
2024-07-01 12:40:21,docker_postgres_1,0.05,35.91
2024-07-01 12:40:21,docker_cache_1,0.36,976.80
2024-07-01 12:40:33,docker_detector_1,791.76,1.04
2024-07-01 12:40:33,docker_combiner_1,0.34,66.95
2024-07-01 12:40:33,docker_extractor_1,0.61,91.46
2024-07-01 12:40:33,docker_minion_1,0.19,26.75
2024-07-01 12:40:33,docker_controller_1,0.54,26.28
2024-07-01 12:40:33,docker_pgbouncer_1,0.03,1.33
2024-07-01 12:40:33,docker_postgres_1,0.02,35.92
2024-07-01 12:40:33,docker_cache_1,0.46,962.10
2024-07-01 12:40:46,docker_detector_1,717.39,1.04
2024-07-01 12:40:46,docker_combiner_1,0.35,69.57
2024-07-01 12:40:46,docker_extractor_1,0.49,98.62
2024-07-01 12:40:46,docker_minion_1,0.22,26.75
2024-07-01 12:40:46,docker_controller_1,0.41,26.27
2024-07-01 12:40:46,docker_pgbouncer_1,0.03,1.33
2024-07-01 12:40:46,docker_postgres_1,1.15,35.95
2024-07-01 12:40:46,docker_cache_1,84.81,976.00
2024-07-01 12:40:59,docker_detector_1,790.65,1.04
2024-07-01 12:40:59,docker_combiner_1,0.52,69.57
2024-07-01 12:40:59,docker_extractor_1,0.59,98.62
2024-07-01 12:40:59,docker_minion_1,0.25,26.75
2024-07-01 12:40:59,docker_controller_1,0.56,26.27
2024-07-01 12:40:59,docker_pgbouncer_1,0.03,1.33
2024-07-01 12:40:59,docker_postgres_1,0.01,35.91
2024-07-01 12:40:59,docker_cache_1,0.33,960.80
2024-07-01 12:41:11,docker_detector_1,0.24,1.04
2024-07-01 12:41:11,docker_combiner_1,12.00,67.04
2024-07-01 12:41:11,docker_extractor_1,46.04,91.49
2024-07-01 12:41:11,docker_minion_1,11.31,26.76
2024-07-01 12:41:11,docker_controller_1,7.50,26.27
2024-07-01 12:41:11,docker_pgbouncer_1,3.96,1.33
2024-07-01 12:41:11,docker_postgres_1,3.02,35.92
2024-07-01 12:41:11,docker_cache_1,2.81,978.00
2024-07-01 12:41:24,docker_detector_1,555.78,1.05
2024-07-01 12:41:24,docker_combiner_1,0.28,67.04
2024-07-01 12:41:24,docker_extractor_1,0.37,91.46
2024-07-01 12:41:24,docker_minion_1,0.18,26.76
2024-07-01 12:41:24,docker_controller_1,0.34,26.27
2024-07-01 12:41:24,docker_pgbouncer_1,0.02,1.33
2024-07-01 12:41:24,docker_postgres_1,0.02,35.91
2024-07-01 12:41:24,docker_cache_1,70.51,989.60
2024-07-01 12:41:37,docker_detector_1,706.18,1.05
2024-07-01 12:41:37,docker_combiner_1,0.38,67.04
2024-07-01 12:41:37,docker_extractor_1,0.55,91.46
2024-07-01 12:41:37,docker_minion_1,0.23,26.76
2024-07-01 12:41:37,docker_controller_1,0.48,26.27
2024-07-01 12:41:37,docker_pgbouncer_1,0.03,1.33
2024-07-01 12:41:37,docker_postgres_1,0.03,35.91
2024-07-01 12:41:37,docker_cache_1,70.17,981.80
2024-07-01 12:41:49,docker_detector_1,791.32,1.05
2024-07-01 12:41:49,docker_combiner_1,0.44,67.02
2024-07-01 12:41:49,docker_extractor_1,0.57,98.62
2024-07-01 12:41:49,docker_minion_1,0.31,26.77
2024-07-01 12:41:49,docker_controller_1,0.60,26.28
2024-07-01 12:41:49,docker_pgbouncer_1,0.04,1.34
2024-07-01 12:41:49,docker_postgres_1,0.03,35.92
2024-07-01 12:41:49,docker_cache_1,0.35,978.20
2024-07-01 12:42:02,docker_detector_1,787.25,1.05
2024-07-01 12:42:02,docker_combiner_1,0.45,67.02
2024-07-01 12:42:02,docker_extractor_1,0.58,98.62
2024-07-01 12:42:02,docker_minion_1,0.21,26.77
2024-07-01 12:42:02,docker_controller_1,0.52,26.28
2024-07-01 12:42:02,docker_pgbouncer_1,0.02,1.34
2024-07-01 12:42:02,docker_postgres_1,0.00,35.91
2024-07-01 12:42:02,docker_cache_1,1.54,985.40
2024-07-01 12:42:15,docker_detector_1,25.76,1.05
2024-07-01 12:42:15,docker_combiner_1,10.02,67.00
2024-07-01 12:42:15,docker_extractor_1,43.75,97.63
2024-07-01 12:42:15,docker_minion_1,11.64,26.78
2024-07-01 12:42:15,docker_controller_1,8.20,26.28
2024-07-01 12:42:15,docker_pgbouncer_1,4.38,1.33
2024-07-01 12:42:15,docker_postgres_1,3.40,35.91
2024-07-01 12:42:15,docker_cache_1,73.34,984.40
2024-07-01 12:42:27,docker_detector_1,706.42,1.09
2024-07-01 12:42:27,docker_combiner_1,0.34,67.00
2024-07-01 12:42:27,docker_extractor_1,0.50,97.63
2024-07-01 12:42:27,docker_minion_1,0.27,26.78
2024-07-01 12:42:27,docker_controller_1,0.48,26.28
2024-07-01 12:42:27,docker_pgbouncer_1,0.02,1.33
2024-07-01 12:42:27,docker_postgres_1,0.02,35.92
2024-07-01 12:42:27,docker_cache_1,0.36,971.80
2024-07-01 12:42:40,docker_detector_1,793.73,1.05
2024-07-01 12:42:40,docker_combiner_1,0.43,67.00
2024-07-01 12:42:40,docker_extractor_1,0.60,97.63
2024-07-01 12:42:40,docker_minion_1,0.28,26.78
2024-07-01 12:42:40,docker_controller_1,0.55,26.28
2024-07-01 12:42:40,docker_pgbouncer_1,0.03,1.33
2024-07-01 12:42:40,docker_postgres_1,0.00,35.92
2024-07-01 12:42:40,docker_cache_1,0.41,959.70
2024-07-01 12:42:53,docker_detector_1,207.26,1.02
2024-07-01 12:42:53,docker_combiner_1,0.24,77.23
2024-07-01 12:42:53,docker_extractor_1,0.33,97.64
2024-07-01 12:42:53,docker_minion_1,0.19,26.78
2024-07-01 12:42:53,docker_controller_1,0.29,26.29
2024-07-01 12:42:53,docker_pgbouncer_1,0.02,1.33
2024-07-01 12:42:53,docker_postgres_1,0.01,35.91
2024-07-01 12:42:53,docker_cache_1,95.17,986.60
2024-07-01 12:43:05,docker_detector_1,713.99,1.02
2024-07-01 12:43:05,docker_combiner_1,0.37,77.23
2024-07-01 12:43:05,docker_extractor_1,0.55,97.64
2024-07-01 12:43:05,docker_minion_1,0.28,26.78
2024-07-01 12:43:05,docker_controller_1,0.45,26.29
2024-07-01 12:43:05,docker_pgbouncer_1,0.04,1.33
2024-07-01 12:43:05,docker_postgres_1,1.04,35.91
2024-07-01 12:43:05,docker_cache_1,72.30,983.20
2024-07-01 12:43:18,docker_detector_1,5.37,1.03
2024-07-01 12:43:18,docker_combiner_1,34.67,77.23
2024-07-01 12:43:18,docker_extractor_1,44.23,98.62
2024-07-01 12:43:18,docker_minion_1,0.19,26.78
2024-07-01 12:43:18,docker_controller_1,7.33,26.45
2024-07-01 12:43:18,docker_pgbouncer_1,3.97,1.34
2024-07-01 12:43:18,docker_postgres_1,3.10,35.91
2024-07-01 12:43:18,docker_cache_1,2.60,974.20
2024-07-01 12:43:31,docker_detector_1,622.27,1.05
2024-07-01 12:43:31,docker_combiner_1,0.36,77.23
2024-07-01 12:43:31,docker_extractor_1,0.44,98.61
2024-07-01 12:43:31,docker_minion_1,0.23,26.79
2024-07-01 12:43:31,docker_controller_1,0.41,26.29
2024-07-01 12:43:31,docker_pgbouncer_1,0.02,1.33
2024-07-01 12:43:31,docker_postgres_1,0.00,35.92
2024-07-01 12:43:31,docker_cache_1,69.37,982.90
2024-07-01 12:43:43,docker_detector_1,294.43,1.05
2024-07-01 12:43:43,docker_combiner_1,0.25,77.23
2024-07-01 12:43:43,docker_extractor_1,0.58,98.61
2024-07-01 12:43:43,docker_minion_1,0.19,26.79
2024-07-01 12:43:43,docker_controller_1,0.35,26.29
2024-07-01 12:43:43,docker_pgbouncer_1,0.03,1.33
2024-07-01 12:43:43,docker_postgres_1,0.01,35.91
2024-07-01 12:43:43,docker_cache_1,72.61,979.00
2024-07-01 12:43:56,docker_detector_1,790.35,1.05
2024-07-01 12:43:56,docker_combiner_1,0.44,77.23
2024-07-01 12:43:56,docker_extractor_1,0.62,91.46
2024-07-01 12:43:56,docker_minion_1,0.31,26.79
2024-07-01 12:43:56,docker_controller_1,0.58,26.30
2024-07-01 12:43:56,docker_pgbouncer_1,0.03,1.33
2024-07-01 12:43:56,docker_postgres_1,0.00,35.92
2024-07-01 12:43:56,docker_cache_1,0.34,977.70
2024-07-01 12:44:09,docker_detector_1,782.42,1.08
2024-07-01 12:44:09,docker_combiner_1,0.38,77.23
2024-07-01 12:44:09,docker_extractor_1,0.38,91.46
2024-07-01 12:44:09,docker_minion_1,0.26,26.79
2024-07-01 12:44:09,docker_controller_1,0.59,26.30
2024-07-01 12:44:09,docker_pgbouncer_1,0.04,1.33
2024-07-01 12:44:09,docker_postgres_1,0.00,35.91
2024-07-01 12:44:09,docker_cache_1,9.80,982.50
2024-07-01 12:44:21,docker_detector_1,0.31,1.04
2024-07-01 12:44:21,docker_combiner_1,100.31,125.70
2024-07-01 12:44:21,docker_extractor_1,0.40,91.46
2024-07-01 12:44:21,docker_minion_1,0.21,26.79
2024-07-01 12:44:21,docker_controller_1,0.35,26.29
2024-07-01 12:44:21,docker_pgbouncer_1,0.02,1.33
2024-07-01 12:44:21,docker_postgres_1,0.02,35.91
2024-07-01 12:44:21,docker_cache_1,72.60,983.20
2024-07-01 12:44:34,docker_detector_1,789.87,1.04
2024-07-01 12:44:34,docker_combiner_1,0.50,69.50
2024-07-01 12:44:34,docker_extractor_1,0.62,91.46
2024-07-01 12:44:34,docker_minion_1,0.25,26.82
2024-07-01 12:44:34,docker_controller_1,0.55,26.30
2024-07-01 12:44:34,docker_pgbouncer_1,0.05,1.34
2024-07-01 12:44:34,docker_postgres_1,0.00,35.92
2024-07-01 12:44:34,docker_cache_1,0.37,973.20
2024-07-01 12:44:47,docker_detector_1,796.19,1.04
2024-07-01 12:44:47,docker_combiner_1,0.49,69.50
2024-07-01 12:44:47,docker_extractor_1,0.59,91.46
2024-07-01 12:44:47,docker_minion_1,0.30,26.82
2024-07-01 12:44:47,docker_controller_1,0.60,26.30
2024-07-01 12:44:47,docker_pgbouncer_1,0.03,1.34
2024-07-01 12:44:47,docker_postgres_1,0.02,35.92
2024-07-01 12:44:47,docker_cache_1,0.31,958.20
2024-07-01 12:44:59,docker_detector_1,229.33,1.04
2024-07-01 12:44:59,docker_combiner_1,0.26,75.05
2024-07-01 12:44:59,docker_extractor_1,0.55,91.46
2024-07-01 12:44:59,docker_minion_1,0.16,26.84
2024-07-01 12:44:59,docker_controller_1,0.30,26.30
2024-07-01 12:44:59,docker_pgbouncer_1,0.02,1.33
2024-07-01 12:44:59,docker_postgres_1,0.02,35.91
2024-07-01 12:44:59,docker_cache_1,71.10,970.30
2024-07-01 12:45:12,docker_detector_1,729.10,1.04
2024-07-01 12:45:12,docker_combiner_1,0.37,75.05
2024-07-01 12:45:12,docker_extractor_1,0.56,91.46
2024-07-01 12:45:12,docker_minion_1,0.25,26.84
2024-07-01 12:45:12,docker_controller_1,0.53,26.30
2024-07-01 12:45:12,docker_pgbouncer_1,0.02,1.33
2024-07-01 12:45:12,docker_postgres_1,0.00,35.91
2024-07-01 12:45:12,docker_cache_1,65.65,959.90
2024-07-01 12:45:24,docker_detector_1,0.36,1.04
2024-07-01 12:45:24,docker_combiner_1,48.73,73.76
2024-07-01 12:45:24,docker_extractor_1,40.97,100.80
2024-07-01 12:45:24,docker_minion_1,0.17,26.84
2024-07-01 12:45:24,docker_controller_1,3.79,26.30
2024-07-01 12:45:24,docker_pgbouncer_1,2.05,1.33
2024-07-01 12:45:24,docker_postgres_1,1.52,35.91
2024-07-01 12:45:24,docker_cache_1,3.08,976.80
2024-07-01 12:45:37,docker_detector_1,704.64,1.05
2024-07-01 12:45:37,docker_combiner_1,0.30,73.76
2024-07-01 12:45:37,docker_extractor_1,0.33,91.46
2024-07-01 12:45:37,docker_minion_1,0.17,26.84
2024-07-01 12:45:37,docker_controller_1,0.32,26.30
2024-07-01 12:45:37,docker_pgbouncer_1,0.03,1.33
2024-07-01 12:45:37,docker_postgres_1,0.02,35.91
2024-07-01 12:45:37,docker_cache_1,88.81,985.60
2024-07-01 12:45:50,docker_detector_1,716.34,1.05
2024-07-01 12:45:50,docker_combiner_1,0.32,73.76
2024-07-01 12:45:50,docker_extractor_1,0.52,91.46
2024-07-01 12:45:50,docker_minion_1,0.23,26.84
2024-07-01 12:45:50,docker_controller_1,0.49,26.30
2024-07-01 12:45:50,docker_pgbouncer_1,0.04,1.33
2024-07-01 12:45:50,docker_postgres_1,0.01,35.92
2024-07-01 12:45:50,docker_cache_1,69.91,977.90
2024-07-01 12:46:02,docker_detector_1,792.41,1.07
2024-07-01 12:46:02,docker_combiner_1,0.47,72.93
2024-07-01 12:46:02,docker_extractor_1,0.64,91.47
2024-07-01 12:46:02,docker_minion_1,0.30,26.86
2024-07-01 12:46:02,docker_controller_1,0.60,26.30
2024-07-01 12:46:02,docker_pgbouncer_1,0.05,1.33
2024-07-01 12:46:02,docker_postgres_1,0.03,35.91
2024-07-01 12:46:02,docker_cache_1,0.34,977.30
2024-07-01 12:46:15,docker_detector_1,722.26,1.01
2024-07-01 12:46:15,docker_combiner_1,0.28,72.93
2024-07-01 12:46:15,docker_extractor_1,0.42,91.47
2024-07-01 12:46:15,docker_minion_1,0.18,26.86
2024-07-01 12:46:15,docker_controller_1,0.44,26.30
2024-07-01 12:46:15,docker_pgbouncer_1,0.02,1.33
2024-07-01 12:46:15,docker_postgres_1,0.00,35.91
2024-07-01 12:46:15,docker_cache_1,0.29,977.30
2024-07-01 12:46:28,docker_detector_1,726.79,1.05
2024-07-01 12:46:28,docker_combiner_1,33.80,144.90
2024-07-01 12:46:28,docker_extractor_1,0.42,91.47
2024-07-01 12:46:28,docker_minion_1,5.09,26.87
2024-07-01 12:46:28,docker_controller_1,4.08,26.30
2024-07-01 12:46:28,docker_pgbouncer_1,2.16,1.33
2024-07-01 12:46:28,docker_postgres_1,1.63,35.92
2024-07-01 12:46:28,docker_cache_1,85.42,972.70
2024-07-01 12:46:40,docker_detector_1,786.35,1.04
2024-07-01 12:46:40,docker_combiner_1,0.42,60.77
2024-07-01 12:46:40,docker_extractor_1,0.61,91.47
2024-07-01 12:46:40,docker_minion_1,0.26,26.87
2024-07-01 12:46:40,docker_controller_1,0.56,26.30
2024-07-01 12:46:40,docker_pgbouncer_1,0.03,1.33
2024-07-01 12:46:40,docker_postgres_1,0.04,35.91
2024-07-01 12:46:40,docker_cache_1,0.43,978.50
2024-07-01 12:46:53,docker_detector_1,790.46,1.04
2024-07-01 12:46:53,docker_combiner_1,0.45,60.77
2024-07-01 12:46:53,docker_extractor_1,0.58,91.47
2024-07-01 12:46:53,docker_minion_1,0.20,26.87
2024-07-01 12:46:53,docker_controller_1,0.55,26.30
2024-07-01 12:46:53,docker_pgbouncer_1,0.03,1.33
2024-07-01 12:46:53,docker_postgres_1,0.03,35.91
2024-07-01 12:46:53,docker_cache_1,0.28,954.70
2024-07-01 12:47:06,docker_detector_1,720.57,1.04
2024-07-01 12:47:06,docker_combiner_1,0.37,75.86
2024-07-01 12:47:06,docker_extractor_1,0.62,91.47
2024-07-01 12:47:06,docker_minion_1,0.20,26.88
2024-07-01 12:47:06,docker_controller_1,0.49,26.30
2024-07-01 12:47:06,docker_pgbouncer_1,0.03,1.33
2024-07-01 12:47:06,docker_postgres_1,0.00,35.91
2024-07-01 12:47:06,docker_cache_1,68.55,977.30
2024-07-01 12:47:18,docker_detector_1,790.10,1.04
2024-07-01 12:47:18,docker_combiner_1,0.47,75.86
2024-07-01 12:47:18,docker_extractor_1,0.64,91.47
2024-07-01 12:47:18,docker_minion_1,0.25,26.88
2024-07-01 12:47:18,docker_controller_1,0.59,26.30
2024-07-01 12:47:18,docker_pgbouncer_1,0.02,1.33
2024-07-01 12:47:18,docker_postgres_1,0.03,35.92
2024-07-01 12:47:18,docker_cache_1,0.32,956.40
2024-07-01 12:47:31,docker_detector_1,0.29,1.04
2024-07-01 12:47:31,docker_combiner_1,35.39,73.86
2024-07-01 12:47:31,docker_extractor_1,48.61,100.10
2024-07-01 12:47:31,docker_minion_1,8.11,26.93
2024-07-01 12:47:31,docker_controller_1,5.15,26.32
2024-07-01 12:47:31,docker_pgbouncer_1,2.92,1.47
2024-07-01 12:47:31,docker_postgres_1,2.15,35.92
2024-07-01 12:47:31,docker_cache_1,1.48,969.40
2024-07-01 12:47:44,docker_detector_1,224.16,1.05
2024-07-01 12:47:44,docker_combiner_1,0.26,73.86
2024-07-01 12:47:44,docker_extractor_1,0.37,91.47
2024-07-01 12:47:44,docker_minion_1,0.16,26.89
2024-07-01 12:47:44,docker_controller_1,0.34,26.30
2024-07-01 12:47:44,docker_pgbouncer_1,0.02,1.33
2024-07-01 12:47:44,docker_postgres_1,0.00,35.91
2024-07-01 12:47:44,docker_cache_1,72.14,987.30
2024-07-01 12:47:56,docker_detector_1,720.20,1.05
2024-07-01 12:47:56,docker_combiner_1,0.41,73.86
2024-07-01 12:47:56,docker_extractor_1,0.55,91.47
2024-07-01 12:47:56,docker_minion_1,0.23,26.89
2024-07-01 12:47:56,docker_controller_1,0.53,26.30
2024-07-01 12:47:56,docker_pgbouncer_1,0.02,1.33
2024-07-01 12:47:56,docker_postgres_1,0.01,35.92
2024-07-01 12:47:56,docker_cache_1,82.49,980.10
2024-07-01 12:48:09,docker_detector_1,795.00,1.05
2024-07-01 12:48:09,docker_combiner_1,0.46,76.93
2024-07-01 12:48:09,docker_extractor_1,0.61,96.95
2024-07-01 12:48:09,docker_minion_1,0.25,26.90
2024-07-01 12:48:09,docker_controller_1,0.65,26.30
2024-07-01 12:48:09,docker_pgbouncer_1,0.03,1.33
2024-07-01 12:48:09,docker_postgres_1,0.00,35.92
2024-07-01 12:48:09,docker_cache_1,0.35,978.30
2024-07-01 12:48:22,docker_detector_1,364.97,1.05
2024-07-01 12:48:22,docker_combiner_1,0.30,76.93
2024-07-01 12:48:22,docker_extractor_1,0.42,96.95
2024-07-01 12:48:22,docker_minion_1,0.19,26.90
2024-07-01 12:48:22,docker_controller_1,0.42,26.30
2024-07-01 12:48:22,docker_pgbouncer_1,0.02,1.33
2024-07-01 12:48:22,docker_postgres_1,0.03,35.91
2024-07-01 12:48:22,docker_cache_1,87.72,985.30
2024-07-01 12:48:34,docker_detector_1,346.53,1.05
2024-07-01 12:48:34,docker_combiner_1,46.97,75.62
2024-07-01 12:48:34,docker_extractor_1,0.41,96.94
2024-07-01 12:48:34,docker_minion_1,5.47,26.91
2024-07-01 12:48:34,docker_controller_1,4.04,26.30
2024-07-01 12:48:34,docker_pgbouncer_1,0.03,1.33
2024-07-01 12:48:34,docker_postgres_1,1.62,35.92
2024-07-01 12:48:34,docker_cache_1,71.85,977.80
2024-07-01 12:48:47,docker_detector_1,793.74,1.08
2024-07-01 12:48:47,docker_combiner_1,0.41,73.06
2024-07-01 12:48:47,docker_extractor_1,0.54,91.48
2024-07-01 12:48:47,docker_minion_1,0.23,26.91
2024-07-01 12:48:47,docker_controller_1,0.55,26.30
2024-07-01 12:48:47,docker_pgbouncer_1,0.04,1.33
2024-07-01 12:48:47,docker_postgres_1,0.05,35.91
2024-07-01 12:48:47,docker_cache_1,0.38,975.30
2024-07-01 12:49:00,docker_detector_1,790.28,1.05
2024-07-01 12:49:00,docker_combiner_1,0.56,73.06
2024-07-01 12:49:00,docker_extractor_1,0.60,91.48
2024-07-01 12:49:00,docker_minion_1,0.29,26.91
2024-07-01 12:49:00,docker_controller_1,0.59,26.30
2024-07-01 12:49:00,docker_pgbouncer_1,0.04,1.33
2024-07-01 12:49:00,docker_postgres_1,0.00,35.91
2024-07-01 12:49:00,docker_cache_1,0.32,959.60
2024-07-01 12:49:12,docker_detector_1,451.03,1.05
2024-07-01 12:49:12,docker_combiner_1,0.26,72.41
2024-07-01 12:49:12,docker_extractor_1,0.41,91.47
2024-07-01 12:49:12,docker_minion_1,0.17,26.93
2024-07-01 12:49:12,docker_controller_1,0.33,26.30
2024-07-01 12:49:12,docker_pgbouncer_1,0.02,1.33
2024-07-01 12:49:12,docker_postgres_1,0.02,35.91
2024-07-01 12:49:12,docker_cache_1,69.46,979.70
2024-07-01 12:49:25,docker_detector_1,793.74,1.02
2024-07-01 12:49:25,docker_combiner_1,0.43,72.41
2024-07-01 12:49:25,docker_extractor_1,0.62,91.47
2024-07-01 12:49:25,docker_minion_1,0.27,26.93
2024-07-01 12:49:25,docker_controller_1,0.58,26.30
2024-07-01 12:49:25,docker_pgbouncer_1,0.04,1.33
2024-07-01 12:49:25,docker_postgres_1,0.03,35.91
2024-07-01 12:49:25,docker_cache_1,0.41,960.00
2024-07-01 12:49:38,docker_detector_1,53.94,1.03
2024-07-01 12:49:38,docker_combiner_1,0.29,72.34
2024-07-01 12:49:38,docker_extractor_1,39.15,91.48
2024-07-01 12:49:38,docker_minion_1,5.65,26.94
2024-07-01 12:49:38,docker_controller_1,3.95,26.30
2024-07-01 12:49:38,docker_pgbouncer_1,2.05,1.34
2024-07-01 12:49:38,docker_postgres_1,1.54,35.91
2024-07-01 12:49:38,docker_cache_1,1.84,975.40
2024-07-01 12:49:50,docker_detector_1,551.38,1.04
2024-07-01 12:49:50,docker_combiner_1,0.25,72.34
2024-07-01 12:49:50,docker_extractor_1,0.35,91.47
2024-07-01 12:49:50,docker_minion_1,0.16,26.94
2024-07-01 12:49:50,docker_controller_1,0.35,26.30
2024-07-01 12:49:50,docker_pgbouncer_1,0.03,1.34
2024-07-01 12:49:50,docker_postgres_1,0.02,35.92
2024-07-01 12:49:50,docker_cache_1,70.34,977.20
2024-07-01 12:50:03,docker_detector_1,700.11,1.07
2024-07-01 12:50:03,docker_combiner_1,0.37,72.34
2024-07-01 12:50:03,docker_extractor_1,1.20,91.47
2024-07-01 12:50:03,docker_minion_1,0.26,26.94
2024-07-01 12:50:03,docker_controller_1,0.47,26.30
2024-07-01 12:50:03,docker_pgbouncer_1,0.02,1.34
2024-07-01 12:50:03,docker_postgres_1,0.00,35.92
2024-07-01 12:50:03,docker_cache_1,88.83,982.00
2024-07-01 12:50:16,docker_detector_1,789.24,1.07
2024-07-01 12:50:16,docker_combiner_1,0.46,74.83
2024-07-01 12:50:16,docker_extractor_1,0.59,91.48
2024-07-01 12:50:16,docker_minion_1,0.26,26.94
2024-07-01 12:50:16,docker_controller_1,0.53,26.30
2024-07-01 12:50:16,docker_pgbouncer_1,0.02,1.33
2024-07-01 12:50:16,docker_postgres_1,0.05,35.91
2024-07-01 12:50:16,docker_cache_1,0.39,978.00
2024-07-01 12:50:28,docker_detector_1,722.31,1.01
2024-07-01 12:50:28,docker_combiner_1,0.36,74.83
2024-07-01 12:50:28,docker_extractor_1,0.43,91.48
2024-07-01 12:50:28,docker_minion_1,0.19,26.94
2024-07-01 12:50:28,docker_controller_1,0.43,26.30
2024-07-01 12:50:28,docker_pgbouncer_1,0.02,1.33
2024-07-01 12:50:28,docker_postgres_1,0.00,35.92
2024-07-01 12:50:28,docker_cache_1,70.68,985.40
2024-07-01 12:50:41,docker_detector_1,526.82,1.01
2024-07-01 12:50:41,docker_combiner_1,100.19,111.30
2024-07-01 12:50:41,docker_extractor_1,0.37,91.47
2024-07-01 12:50:41,docker_minion_1,0.17,26.94
2024-07-01 12:50:41,docker_controller_1,0.35,26.30
2024-07-01 12:50:41,docker_pgbouncer_1,0.02,1.33
2024-07-01 12:50:41,docker_postgres_1,0.00,35.92
2024-07-01 12:50:41,docker_cache_1,90.87,978.30
2024-07-01 12:50:54,docker_detector_1,700.55,1.08
2024-07-01 12:50:54,docker_combiner_1,0.35,72.23
2024-07-01 12:50:54,docker_extractor_1,0.45,91.48
2024-07-01 12:50:54,docker_minion_1,0.23,26.95
2024-07-01 12:50:54,docker_controller_1,0.47,26.30
2024-07-01 12:50:54,docker_pgbouncer_1,0.02,1.33
2024-07-01 12:50:54,docker_postgres_1,0.02,35.91
2024-07-01 12:50:54,docker_cache_1,0.36,975.80
2024-07-01 12:51:06,docker_detector_1,792.84,1.03
2024-07-01 12:51:06,docker_combiner_1,0.46,72.23
2024-07-01 12:51:06,docker_extractor_1,0.62,91.48
2024-07-01 12:51:06,docker_minion_1,0.28,26.95
2024-07-01 12:51:06,docker_controller_1,0.58,26.30
2024-07-01 12:51:06,docker_pgbouncer_1,0.03,1.33
2024-07-01 12:51:06,docker_postgres_1,0.07,35.99
2024-07-01 12:51:06,docker_cache_1,0.35,960.60
2024-07-01 12:51:19,docker_detector_1,137.84,1.00
2024-07-01 12:51:19,docker_combiner_1,0.22,72.18
2024-07-01 12:51:19,docker_extractor_1,0.39,98.80
2024-07-01 12:51:19,docker_minion_1,0.20,26.95
2024-07-01 12:51:19,docker_controller_1,0.37,26.30
2024-07-01 12:51:19,docker_pgbouncer_1,0.02,1.33
2024-07-01 12:51:19,docker_postgres_1,0.02,35.91
2024-07-01 12:51:19,docker_cache_1,74.38,981.90
2024-07-01 12:51:32,docker_detector_1,369.17,1.00
2024-07-01 12:51:32,docker_combiner_1,0.25,72.18
2024-07-01 12:51:32,docker_extractor_1,0.42,98.80
2024-07-01 12:51:32,docker_minion_1,0.17,26.95
2024-07-01 12:51:32,docker_controller_1,0.31,26.30
2024-07-01 12:51:32,docker_pgbouncer_1,0.03,1.33
2024-07-01 12:51:32,docker_postgres_1,0.02,35.92
2024-07-01 12:51:32,docker_cache_1,0.38,960.70
2024-07-01 12:51:44,docker_detector_1,431.23,1.03
2024-07-01 12:51:44,docker_combiner_1,0.26,72.15
2024-07-01 12:51:44,docker_extractor_1,0.36,91.48
2024-07-01 12:51:44,docker_minion_1,10.80,26.96
2024-07-01 12:51:44,docker_controller_1,0.42,26.30
2024-07-01 12:51:44,docker_pgbouncer_1,0.02,1.33
2024-07-01 12:51:44,docker_postgres_1,0.00,35.92
2024-07-01 12:51:44,docker_cache_1,0.25,975.90
2024-07-01 12:51:57,docker_detector_1,724.67,1.04
2024-07-01 12:51:57,docker_combiner_1,0.32,72.15
2024-07-01 12:51:57,docker_extractor_1,0.37,91.47
2024-07-01 12:51:57,docker_minion_1,0.21,26.96
2024-07-01 12:51:57,docker_controller_1,0.37,26.30
2024-07-01 12:51:57,docker_pgbouncer_1,0.02,1.33
2024-07-01 12:51:57,docker_postgres_1,0.02,35.92
2024-07-01 12:51:57,docker_cache_1,70.46,988.70
2024-07-01 12:52:10,docker_detector_1,504.94,1.04
2024-07-01 12:52:10,docker_combiner_1,0.31,72.15
2024-07-01 12:52:10,docker_extractor_1,0.47,91.47
2024-07-01 12:52:10,docker_minion_1,0.23,26.96
2024-07-01 12:52:10,docker_controller_1,0.45,26.30
2024-07-01 12:52:10,docker_pgbouncer_1,0.02,1.33
2024-07-01 12:52:10,docker_postgres_1,0.00,35.92
2024-07-01 12:52:10,docker_cache_1,73.02,984.30
2024-07-01 12:52:22,docker_detector_1,500.64,1.04
2024-07-01 12:52:22,docker_combiner_1,0.34,72.10
2024-07-01 12:52:22,docker_extractor_1,0.45,91.48
2024-07-01 12:52:22,docker_minion_1,0.18,26.96
2024-07-01 12:52:22,docker_controller_1,0.37,26.30
2024-07-01 12:52:22,docker_pgbouncer_1,0.02,1.33
2024-07-01 12:52:22,docker_postgres_1,0.02,35.91
2024-07-01 12:52:22,docker_cache_1,0.34,978.50
2024-07-01 12:52:35,docker_detector_1,710.97,1.04
2024-07-01 12:52:35,docker_combiner_1,0.35,72.10
2024-07-01 12:52:35,docker_extractor_1,0.52,91.48
2024-07-01 12:52:35,docker_minion_1,0.20,26.96
2024-07-01 12:52:35,docker_controller_1,0.47,26.30
2024-07-01 12:52:35,docker_pgbouncer_1,0.02,1.33
2024-07-01 12:52:35,docker_postgres_1,0.00,35.92
2024-07-01 12:52:35,docker_cache_1,71.45,987.00
2024-07-01 12:52:48,docker_detector_1,0.28,1.04
2024-07-01 12:52:48,docker_combiner_1,100.17,73.42
2024-07-01 12:52:48,docker_extractor_1,0.35,91.47
2024-07-01 12:52:48,docker_minion_1,0.16,26.97
2024-07-01 12:52:48,docker_controller_1,0.27,26.30
2024-07-01 12:52:48,docker_pgbouncer_1,0.02,1.33
2024-07-01 12:52:48,docker_postgres_1,0.02,35.92
2024-07-01 12:52:48,docker_cache_1,71.27,981.80
2024-07-01 12:53:00,docker_detector_1,268.93,1.04
2024-07-01 12:53:00,docker_combiner_1,0.27,75.09
2024-07-01 12:53:00,docker_extractor_1,0.39,91.48
2024-07-01 12:53:00,docker_minion_1,0.17,26.98
2024-07-01 12:53:00,docker_controller_1,0.32,26.31
2024-07-01 12:53:00,docker_pgbouncer_1,0.01,1.33
2024-07-01 12:53:00,docker_postgres_1,0.01,35.91
2024-07-01 12:53:00,docker_cache_1,0.36,978.80
2024-07-01 12:53:13,docker_detector_1,789.89,1.04
2024-07-01 12:53:13,docker_combiner_1,0.42,75.09
2024-07-01 12:53:13,docker_extractor_1,0.62,91.48
2024-07-01 12:53:13,docker_minion_1,0.29,26.98
2024-07-01 12:53:13,docker_controller_1,0.67,26.43
2024-07-01 12:53:13,docker_pgbouncer_1,0.13,1.34
2024-07-01 12:53:13,docker_postgres_1,0.01,35.92
2024-07-01 12:53:13,docker_cache_1,0.32,960.20
2024-07-01 12:53:26,docker_detector_1,100.72,1.01
2024-07-01 12:53:26,docker_combiner_1,0.35,78.20
2024-07-01 12:53:26,docker_extractor_1,0.39,91.47
2024-07-01 12:53:26,docker_minion_1,0.19,26.99
2024-07-01 12:53:26,docker_controller_1,0.41,26.31
2024-07-01 12:53:26,docker_pgbouncer_1,0.02,1.34
2024-07-01 12:53:26,docker_postgres_1,1.07,36.14
2024-07-01 12:53:26,docker_cache_1,70.58,983.10
2024-07-01 12:53:38,docker_detector_1,584.17,1.01
2024-07-01 12:53:38,docker_combiner_1,0.27,78.20
2024-07-01 12:53:38,docker_extractor_1,0.41,91.47
2024-07-01 12:53:38,docker_minion_1,0.16,26.99
2024-07-01 12:53:38,docker_controller_1,0.34,26.31
2024-07-01 12:53:38,docker_pgbouncer_1,0.02,1.34
2024-07-01 12:53:38,docker_postgres_1,0.01,35.92
2024-07-01 12:53:38,docker_cache_1,0.33,959.90
2024-07-01 12:53:51,docker_detector_1,790.14,1.03
2024-07-01 12:53:51,docker_combiner_1,0.37,78.48
2024-07-01 12:53:51,docker_extractor_1,0.49,96.91
2024-07-01 12:53:51,docker_minion_1,0.29,27.00
2024-07-01 12:53:51,docker_controller_1,0.47,26.30
2024-07-01 12:53:51,docker_pgbouncer_1,0.03,1.33
2024-07-01 12:53:51,docker_postgres_1,0.03,35.91
2024-07-01 12:53:51,docker_cache_1,0.27,976.50
2024-07-01 12:54:04,docker_detector_1,722.44,1.05
2024-07-01 12:54:04,docker_combiner_1,0.33,78.48
2024-07-01 12:54:04,docker_extractor_1,0.40,96.91
2024-07-01 12:54:04,docker_minion_1,0.18,27.00
2024-07-01 12:54:04,docker_controller_1,0.42,26.30
2024-07-01 12:54:04,docker_pgbouncer_1,0.02,1.33
2024-07-01 12:54:04,docker_postgres_1,0.00,35.91
2024-07-01 12:54:04,docker_cache_1,72.30,989.70
2024-07-01 12:54:16,docker_detector_1,724.31,1.07
2024-07-01 12:54:16,docker_combiner_1,0.37,78.48
2024-07-01 12:54:16,docker_extractor_1,0.50,96.91
2024-07-01 12:54:16,docker_minion_1,0.17,27.00
2024-07-01 12:54:16,docker_controller_1,0.42,26.30
2024-07-01 12:54:16,docker_pgbouncer_1,0.03,1.33
2024-07-01 12:54:16,docker_postgres_1,0.03,35.92
2024-07-01 12:54:16,docker_cache_1,88.03,982.90
2024-07-01 12:54:29,docker_detector_1,522.82,1.05
2024-07-01 12:54:29,docker_combiner_1,0.28,75.60
2024-07-01 12:54:29,docker_extractor_1,0.45,96.79
2024-07-01 12:54:29,docker_minion_1,0.21,27.02
2024-07-01 12:54:29,docker_controller_1,0.43,26.31
2024-07-01 12:54:29,docker_pgbouncer_1,0.02,1.34
2024-07-01 12:54:29,docker_postgres_1,0.02,35.92
2024-07-01 12:54:29,docker_cache_1,0.34,979.20
2024-07-01 12:54:42,docker_detector_1,725.14,1.01
2024-07-01 12:54:42,docker_combiner_1,0.31,75.60
2024-07-01 12:54:42,docker_extractor_1,0.40,96.79
2024-07-01 12:54:42,docker_minion_1,0.23,27.02
2024-07-01 12:54:42,docker_controller_1,0.39,26.31
2024-07-01 12:54:42,docker_pgbouncer_1,0.02,1.34
2024-07-01 12:54:42,docker_postgres_1,0.00,35.91
2024-07-01 12:54:42,docker_cache_1,70.25,987.70
2024-07-01 12:54:54,docker_combiner_1,99.35,105.20
2024-07-01 12:54:54,docker_extractor_1,0.39,96.79
2024-07-01 12:54:54,docker_minion_1,0.21,27.02
2024-07-01 12:54:54,docker_controller_1,0.47,26.31
2024-07-01 12:54:54,docker_pgbouncer_1,0.02,1.33
2024-07-01 12:54:54,docker_postgres_1,0.00,35.92
2024-07-01 12:54:54,docker_cache_1,84.51,980.30
2024-07-01 12:55:07,docker_detector_1,442.49,1.04
